REGION,SETTLEMENTDATE,TOTALDEMAND,RRP,PERIODTYPE
NSW1,2020/02/01 00:30:00,8565.63,64.40,TRADE
NSW1,2020/02/01 01:00:00,8275.4,72.48,TRADE
NSW1,2020/02/01 01:30:00,7854.8,70.34,TRADE
NSW1,2020/02/01 02:00:00,7645.57,80.58,TRADE
NSW1,2020/02/01 02:30:00,7521.21,90.96,TRADE
NSW1,2020/02/01 03:00:00,7389.93,81.60,TRADE
NSW1,2020/02/01 03:30:00,7404.46,85.04,TRADE
NSW1,2020/02/01 04:00:00,7323.84,78.05,TRADE
NSW1,2020/02/01 04:30:00,7388.76,88.36,TRADE
NSW1,2020/02/01 05:00:00,7432.72,74.41,TRADE
NSW1,2020/02/01 05:30:00,7541.14,75.25,TRADE
NSW1,2020/02/01 06:00:00,7593.69,74.56,TRADE
NSW1,2020/02/01 06:30:00,7860.48,83.28,TRADE
NSW1,2020/02/01 07:00:00,8185.2,74.02,TRADE
NSW1,2020/02/01 07:30:00,8636.49,80.21,TRADE
NSW1,2020/02/01 08:00:00,9056.01,96.36,TRADE
NSW1,2020/02/01 08:30:00,9582.2,172.22,TRADE
NSW1,2020/02/01 09:00:00,9942.2,128.66,TRADE
NSW1,2020/02/01 09:30:00,10483.65,209.12,TRADE
NSW1,2020/02/01 10:00:00,10873.91,202.16,TRADE
NSW1,2020/02/01 10:30:00,11234.53,266.33,TRADE
NSW1,2020/02/01 11:00:00,11577.88,148.45,TRADE
NSW1,2020/02/01 11:30:00,11799.08,110.34,TRADE
NSW1,2020/02/01 12:00:00,12047.17,145.39,TRADE
NSW1,2020/02/01 12:30:00,12220.43,206.51,TRADE
NSW1,2020/02/01 13:00:00,12358.64,281.78,TRADE
NSW1,2020/02/01 13:30:00,12507.8,123.70,TRADE
NSW1,2020/02/01 14:00:00,12612.76,126.14,TRADE
NSW1,2020/02/01 14:30:00,12769.86,238.76,TRADE
NSW1,2020/02/01 15:00:00,12954.7,78.83,TRADE
NSW1,2020/02/01 15:30:00,13164.26,71.49,TRADE
NSW1,2020/02/01 16:00:00,13363,105.54,TRADE
NSW1,2020/02/01 16:30:00,13464.42,105.04,TRADE
NSW1,2020/02/01 17:00:00,13621.75,2559.22,TRADE
NSW1,2020/02/01 17:30:00,13634.63,233.04,TRADE
NSW1,2020/02/01 18:00:00,13588.73,268.88,TRADE
NSW1,2020/02/01 18:30:00,13441.78,121.65,TRADE
NSW1,2020/02/01 19:00:00,13182.2,283.20,TRADE
NSW1,2020/02/01 19:30:00,13057.93,282.50,TRADE
NSW1,2020/02/01 20:00:00,12978.96,250.20,TRADE
NSW1,2020/02/01 20:30:00,12743.92,160.48,TRADE
NSW1,2020/02/01 21:00:00,12425.11,176.36,TRADE
NSW1,2020/02/01 21:30:00,12010.47,103.72,TRADE
NSW1,2020/02/01 22:00:00,11516.78,100.55,TRADE
NSW1,2020/02/01 22:30:00,11058.84,96.10,TRADE
NSW1,2020/02/01 23:00:00,10476.52,157.92,TRADE
NSW1,2020/02/01 23:30:00,10010.62,76.02,TRADE
NSW1,2020/02/02 00:00:00,9625.97,77.76,TRADE
NSW1,2020/02/02 00:30:00,9316.83,82.48,TRADE
NSW1,2020/02/02 01:00:00,9011.31,87.44,TRADE
NSW1,2020/02/02 01:30:00,8673.05,88.57,TRADE
NSW1,2020/02/02 02:00:00,8387.66,71.79,TRADE
NSW1,2020/02/02 02:30:00,8244.76,75.34,TRADE
NSW1,2020/02/02 03:00:00,8079.16,69.03,TRADE
NSW1,2020/02/02 03:30:00,7977.6,65.43,TRADE
NSW1,2020/02/02 04:00:00,7845.44,62.01,TRADE
NSW1,2020/02/02 04:30:00,7889.64,78.53,TRADE
NSW1,2020/02/02 05:00:00,7815.3,72.50,TRADE
NSW1,2020/02/02 05:30:00,7807.14,69.07,TRADE
NSW1,2020/02/02 06:00:00,7670.63,56.29,TRADE
NSW1,2020/02/02 06:30:00,7746.93,55.22,TRADE
NSW1,2020/02/02 07:00:00,8141.39,58.94,TRADE
NSW1,2020/02/02 07:30:00,8559.97,55.49,TRADE
NSW1,2020/02/02 08:00:00,8765.06,42.09,TRADE
NSW1,2020/02/02 08:30:00,9099.61,52.64,TRADE
NSW1,2020/02/02 09:00:00,9305.91,52.27,TRADE
NSW1,2020/02/02 09:30:00,9591.18,56.16,TRADE
NSW1,2020/02/02 10:00:00,9721.85,53.45,TRADE
NSW1,2020/02/02 10:30:00,9853.22,55.49,TRADE
NSW1,2020/02/02 11:00:00,10057.54,55.74,TRADE
NSW1,2020/02/02 11:30:00,10208.5,61.10,TRADE
NSW1,2020/02/02 12:00:00,10478.02,65.52,TRADE
NSW1,2020/02/02 12:30:00,10654.43,66.30,TRADE
NSW1,2020/02/02 13:00:00,10808.28,59.32,TRADE
NSW1,2020/02/02 13:30:00,10882.58,61.03,TRADE
NSW1,2020/02/02 14:00:00,10853.24,45.08,TRADE
NSW1,2020/02/02 14:30:00,10909.45,68.77,TRADE
NSW1,2020/02/02 15:00:00,10938.26,68.23,TRADE
NSW1,2020/02/02 15:30:00,10814.25,70.01,TRADE
NSW1,2020/02/02 16:00:00,10750.19,72.18,TRADE
NSW1,2020/02/02 16:30:00,10601.67,57.44,TRADE
NSW1,2020/02/02 17:00:00,10631.24,72.38,TRADE
NSW1,2020/02/02 17:30:00,10371.08,73.45,TRADE
NSW1,2020/02/02 18:00:00,10150.61,71.11,TRADE
NSW1,2020/02/02 18:30:00,9938.27,55.06,TRADE
NSW1,2020/02/02 19:00:00,9690.27,75.63,TRADE
NSW1,2020/02/02 19:30:00,9620.86,81.90,TRADE
NSW1,2020/02/02 20:00:00,9467.15,70.58,TRADE
NSW1,2020/02/02 20:30:00,9221.69,67.07,TRADE
NSW1,2020/02/02 21:00:00,8970.88,71.53,TRADE
NSW1,2020/02/02 21:30:00,8719.15,57.40,TRADE
NSW1,2020/02/02 22:00:00,8469.84,50.49,TRADE
NSW1,2020/02/02 22:30:00,8307.68,50.37,TRADE
NSW1,2020/02/02 23:00:00,7994.77,43.27,TRADE
NSW1,2020/02/02 23:30:00,7723.75,44.89,TRADE
NSW1,2020/02/03 00:00:00,7499.45,42.53,TRADE
NSW1,2020/02/03 00:30:00,7314.57,41.98,TRADE
NSW1,2020/02/03 01:00:00,7080.47,37.57,TRADE
NSW1,2020/02/03 01:30:00,6900.81,37.29,TRADE
NSW1,2020/02/03 02:00:00,6723.09,36.07,TRADE
NSW1,2020/02/03 02:30:00,6692.11,38.17,TRADE
NSW1,2020/02/03 03:00:00,6664.24,39.10,TRADE
NSW1,2020/02/03 03:30:00,6703.96,39.52,TRADE
NSW1,2020/02/03 04:00:00,6788.26,39.60,TRADE
NSW1,2020/02/03 04:30:00,7011.3,44.97,TRADE
NSW1,2020/02/03 05:00:00,7239.17,41.55,TRADE
NSW1,2020/02/03 05:30:00,7731.58,47.09,TRADE
NSW1,2020/02/03 06:00:00,8130.78,49.27,TRADE
NSW1,2020/02/03 06:30:00,8602.44,64.59,TRADE
NSW1,2020/02/03 07:00:00,8950.69,65.65,TRADE
NSW1,2020/02/03 07:30:00,9142.32,53.75,TRADE
NSW1,2020/02/03 08:00:00,9182.18,47.89,TRADE
NSW1,2020/02/03 08:30:00,9250.51,48.11,TRADE
NSW1,2020/02/03 09:00:00,9205.91,44.20,TRADE
NSW1,2020/02/03 09:30:00,9205.33,44.70,TRADE
NSW1,2020/02/03 10:00:00,9197.83,43.31,TRADE
NSW1,2020/02/03 10:30:00,8997.97,43.05,TRADE
NSW1,2020/02/03 11:00:00,8795.97,42.88,TRADE
NSW1,2020/02/03 11:30:00,8894.45,43.62,TRADE
NSW1,2020/02/03 12:00:00,9002.16,43.09,TRADE
NSW1,2020/02/03 12:30:00,9233.32,46.92,TRADE
NSW1,2020/02/03 13:00:00,9488.2,50.42,TRADE
NSW1,2020/02/03 13:30:00,9686.38,50.84,TRADE
NSW1,2020/02/03 14:00:00,9830.39,54.43,TRADE
NSW1,2020/02/03 14:30:00,9947.24,49.35,TRADE
NSW1,2020/02/03 15:00:00,10205.6,56.85,TRADE
NSW1,2020/02/03 15:30:00,10505.21,62.78,TRADE
NSW1,2020/02/03 16:00:00,10684.18,59.33,TRADE
NSW1,2020/02/03 16:30:00,10741.33,52.96,TRADE
NSW1,2020/02/03 17:00:00,10684.93,55.95,TRADE
NSW1,2020/02/03 17:30:00,10469.36,51.56,TRADE
NSW1,2020/02/03 18:00:00,10300.3,55.16,TRADE
NSW1,2020/02/03 18:30:00,9853.64,50.34,TRADE
NSW1,2020/02/03 19:00:00,9399.64,52.01,TRADE
NSW1,2020/02/03 19:30:00,9193.95,54.40,TRADE
NSW1,2020/02/03 20:00:00,8942.47,48,TRADE
NSW1,2020/02/03 20:30:00,8624.66,48.43,TRADE
NSW1,2020/02/03 21:00:00,8272.39,47.13,TRADE
NSW1,2020/02/03 21:30:00,8033.07,48.23,TRADE
NSW1,2020/02/03 22:00:00,7863.15,43.53,TRADE
NSW1,2020/02/03 22:30:00,7693.51,52.63,TRADE
NSW1,2020/02/03 23:00:00,7477.7,44,TRADE
NSW1,2020/02/03 23:30:00,7314.38,44.05,TRADE
NSW1,2020/02/04 00:00:00,7126.4,41.73,TRADE
NSW1,2020/02/04 00:30:00,6993.88,42.75,TRADE
NSW1,2020/02/04 01:00:00,6746.38,42.71,TRADE
NSW1,2020/02/04 01:30:00,6506.82,42.29,TRADE
NSW1,2020/02/04 02:00:00,6268.91,39.38,TRADE
NSW1,2020/02/04 02:30:00,6216.28,38.46,TRADE
NSW1,2020/02/04 03:00:00,6182.27,35.31,TRADE
NSW1,2020/02/04 03:30:00,6216.82,39.17,TRADE
NSW1,2020/02/04 04:00:00,6244.79,40.32,TRADE
NSW1,2020/02/04 04:30:00,6475.31,42.04,TRADE
NSW1,2020/02/04 05:00:00,6661.29,48.47,TRADE
NSW1,2020/02/04 05:30:00,7133.17,52.94,TRADE
NSW1,2020/02/04 06:00:00,7425.41,54.55,TRADE
NSW1,2020/02/04 06:30:00,7783.76,63.33,TRADE
NSW1,2020/02/04 07:00:00,7877.4,54.87,TRADE
NSW1,2020/02/04 07:30:00,7916.85,43.64,TRADE
NSW1,2020/02/04 08:00:00,7841,43.65,TRADE
NSW1,2020/02/04 08:30:00,7786.39,36.13,TRADE
NSW1,2020/02/04 09:00:00,7699.46,39.65,TRADE
NSW1,2020/02/04 09:30:00,7584.07,40.54,TRADE
NSW1,2020/02/04 10:00:00,7564.83,43.10,TRADE
NSW1,2020/02/04 10:30:00,7487.68,41.22,TRADE
NSW1,2020/02/04 11:00:00,7476.91,40.26,TRADE
NSW1,2020/02/04 11:30:00,7566.18,35.08,TRADE
NSW1,2020/02/04 12:00:00,7577.48,26.34,TRADE
NSW1,2020/02/04 12:30:00,7618.84,38.24,TRADE
NSW1,2020/02/04 13:00:00,7700.72,42.45,TRADE
NSW1,2020/02/04 13:30:00,7694.21,40.21,TRADE
NSW1,2020/02/04 14:00:00,7707.08,41.50,TRADE
NSW1,2020/02/04 14:30:00,7734.19,38.43,TRADE
NSW1,2020/02/04 15:00:00,7774.48,39.19,TRADE
NSW1,2020/02/04 15:30:00,7887.13,39.12,TRADE
NSW1,2020/02/04 16:00:00,7987.52,38.47,TRADE
NSW1,2020/02/04 16:30:00,8075.61,39.75,TRADE
NSW1,2020/02/04 17:00:00,8165.92,38.88,TRADE
NSW1,2020/02/04 17:30:00,8075.96,35.64,TRADE
NSW1,2020/02/04 18:00:00,8166.43,41.64,TRADE
NSW1,2020/02/04 18:30:00,8164.89,43.73,TRADE
NSW1,2020/02/04 19:00:00,8003.92,44.53,TRADE
NSW1,2020/02/04 19:30:00,8036.63,45.87,TRADE
NSW1,2020/02/04 20:00:00,7937.09,43.93,TRADE
NSW1,2020/02/04 20:30:00,7789.66,41.58,TRADE
NSW1,2020/02/04 21:00:00,7552.35,38.58,TRADE
NSW1,2020/02/04 21:30:00,7491.03,43.64,TRADE
NSW1,2020/02/04 22:00:00,7307.53,40.83,TRADE
NSW1,2020/02/04 22:30:00,7308.79,44.11,TRADE
NSW1,2020/02/04 23:00:00,7163.12,42.46,TRADE
NSW1,2020/02/04 23:30:00,7069.82,43.24,TRADE
NSW1,2020/02/05 00:00:00,6909.22,42.20,TRADE
NSW1,2020/02/05 00:30:00,6796.76,44.42,TRADE
NSW1,2020/02/05 01:00:00,6616.78,40.61,TRADE
NSW1,2020/02/05 01:30:00,6374.15,38.19,TRADE
NSW1,2020/02/05 02:00:00,6181.34,36.21,TRADE
NSW1,2020/02/05 02:30:00,6091.45,37.46,TRADE
NSW1,2020/02/05 03:00:00,6044.42,38.74,TRADE
NSW1,2020/02/05 03:30:00,6029.82,36.58,TRADE
NSW1,2020/02/05 04:00:00,6129.79,40.21,TRADE
NSW1,2020/02/05 04:30:00,6361.92,41.49,TRADE
NSW1,2020/02/05 05:00:00,6564.77,42.96,TRADE
NSW1,2020/02/05 05:30:00,7003.07,44.71,TRADE
NSW1,2020/02/05 06:00:00,7359.55,49.01,TRADE
NSW1,2020/02/05 06:30:00,7696.06,53.60,TRADE
NSW1,2020/02/05 07:00:00,7882.21,49.07,TRADE
NSW1,2020/02/05 07:30:00,7844.06,48.07,TRADE
NSW1,2020/02/05 08:00:00,7816.24,46.77,TRADE
NSW1,2020/02/05 08:30:00,7841.19,46.26,TRADE
NSW1,2020/02/05 09:00:00,7841.98,46.53,TRADE
NSW1,2020/02/05 09:30:00,7827.02,48.52,TRADE
NSW1,2020/02/05 10:00:00,7839.07,48.56,TRADE
NSW1,2020/02/05 10:30:00,7826.52,48.52,TRADE
NSW1,2020/02/05 11:00:00,7849.82,45.85,TRADE
NSW1,2020/02/05 11:30:00,7843.32,43.10,TRADE
NSW1,2020/02/05 12:00:00,7888.7,45.57,TRADE
NSW1,2020/02/05 12:30:00,7931.63,47.35,TRADE
NSW1,2020/02/05 13:00:00,7980.82,43.98,TRADE
NSW1,2020/02/05 13:30:00,8091.96,46.20,TRADE
NSW1,2020/02/05 14:00:00,8152.13,48.53,TRADE
NSW1,2020/02/05 14:30:00,8193.97,48.56,TRADE
NSW1,2020/02/05 15:00:00,8314.62,48.53,TRADE
NSW1,2020/02/05 15:30:00,8454.22,47.12,TRADE
NSW1,2020/02/05 16:00:00,8661.74,48.62,TRADE
NSW1,2020/02/05 16:30:00,8666.8,49.32,TRADE
NSW1,2020/02/05 17:00:00,8698.81,48.09,TRADE
NSW1,2020/02/05 17:30:00,8624.9,48.37,TRADE
NSW1,2020/02/05 18:00:00,8647.26,48.73,TRADE
NSW1,2020/02/05 18:30:00,8496.84,49.87,TRADE
NSW1,2020/02/05 19:00:00,8419.48,58.06,TRADE
NSW1,2020/02/05 19:30:00,8439.32,58.36,TRADE
NSW1,2020/02/05 20:00:00,8390.05,54.47,TRADE
NSW1,2020/02/05 20:30:00,8216.39,48.08,TRADE
NSW1,2020/02/05 21:00:00,7964.73,47.90,TRADE
NSW1,2020/02/05 21:30:00,7851.33,48.13,TRADE
NSW1,2020/02/05 22:00:00,7705.18,40.37,TRADE
NSW1,2020/02/05 22:30:00,7628.4,42.84,TRADE
NSW1,2020/02/05 23:00:00,7430.09,39.61,TRADE
NSW1,2020/02/05 23:30:00,7250.64,40.75,TRADE
NSW1,2020/02/06 00:00:00,7171.46,39.75,TRADE
NSW1,2020/02/06 00:30:00,6968.64,39.01,TRADE
NSW1,2020/02/06 01:00:00,6757.06,30.78,TRADE
NSW1,2020/02/06 01:30:00,6515.7,33.77,TRADE
NSW1,2020/02/06 02:00:00,6381.15,36.79,TRADE
NSW1,2020/02/06 02:30:00,6272.6,29.65,TRADE
NSW1,2020/02/06 03:00:00,6186.78,31.28,TRADE
NSW1,2020/02/06 03:30:00,6170.28,36.57,TRADE
NSW1,2020/02/06 04:00:00,6279.31,38.42,TRADE
NSW1,2020/02/06 04:30:00,6474.48,39.48,TRADE
NSW1,2020/02/06 05:00:00,6731.43,45.04,TRADE
NSW1,2020/02/06 05:30:00,7147.35,44.36,TRADE
NSW1,2020/02/06 06:00:00,7567.03,51.07,TRADE
NSW1,2020/02/06 06:30:00,7937.53,54.11,TRADE
NSW1,2020/02/06 07:00:00,8251.17,54.55,TRADE
NSW1,2020/02/06 07:30:00,8407.94,49.80,TRADE
NSW1,2020/02/06 08:00:00,8433.02,49.15,TRADE
NSW1,2020/02/06 08:30:00,8486.76,50.45,TRADE
NSW1,2020/02/06 09:00:00,8510.7,48.71,TRADE
NSW1,2020/02/06 09:30:00,8540.97,54.30,TRADE
NSW1,2020/02/06 10:00:00,8512.38,49.77,TRADE
NSW1,2020/02/06 10:30:00,8450.94,48.34,TRADE
NSW1,2020/02/06 11:00:00,8397.26,49.18,TRADE
NSW1,2020/02/06 11:30:00,8441.49,54.13,TRADE
NSW1,2020/02/06 12:00:00,8437.1,56.14,TRADE
NSW1,2020/02/06 12:30:00,8385.13,48.30,TRADE
NSW1,2020/02/06 13:00:00,8279.44,50.06,TRADE
NSW1,2020/02/06 13:30:00,8285.06,49.60,TRADE
NSW1,2020/02/06 14:00:00,8308.81,52.91,TRADE
NSW1,2020/02/06 14:30:00,8292.37,56.55,TRADE
NSW1,2020/02/06 15:00:00,8418.15,52.17,TRADE
NSW1,2020/02/06 15:30:00,8416.33,55.67,TRADE
NSW1,2020/02/06 16:00:00,8410.93,48.76,TRADE
NSW1,2020/02/06 16:30:00,8454.47,53.91,TRADE
NSW1,2020/02/06 17:00:00,8576.55,55.23,TRADE
NSW1,2020/02/06 17:30:00,8592.13,54.98,TRADE
NSW1,2020/02/06 18:00:00,8567.3,57.08,TRADE
NSW1,2020/02/06 18:30:00,8555.78,57.32,TRADE
NSW1,2020/02/06 19:00:00,8469.37,63.56,TRADE
NSW1,2020/02/06 19:30:00,8448.1,58.05,TRADE
NSW1,2020/02/06 20:00:00,8364.48,54.10,TRADE
NSW1,2020/02/06 20:30:00,8100.42,44.01,TRADE
NSW1,2020/02/06 21:00:00,7890.19,41.23,TRADE
NSW1,2020/02/06 21:30:00,7793.42,38.95,TRADE
NSW1,2020/02/06 22:00:00,7575.15,37.77,TRADE
NSW1,2020/02/06 22:30:00,7580.04,41.80,TRADE
NSW1,2020/02/06 23:00:00,7377.93,37.27,TRADE
NSW1,2020/02/06 23:30:00,7254.63,37.13,TRADE
NSW1,2020/02/07 00:00:00,7111.21,37.30,TRADE
NSW1,2020/02/07 00:30:00,6920.39,37,TRADE
NSW1,2020/02/07 01:00:00,6791.58,35.05,TRADE
NSW1,2020/02/07 01:30:00,6529.84,32.70,TRADE
NSW1,2020/02/07 02:00:00,6363.76,24.84,TRADE
NSW1,2020/02/07 02:30:00,6212.27,14.36,TRADE
NSW1,2020/02/07 03:00:00,6176.15,11.94,TRADE
NSW1,2020/02/07 03:30:00,6195.61,15.29,TRADE
NSW1,2020/02/07 04:00:00,6293.33,37.57,TRADE
NSW1,2020/02/07 04:30:00,6455.77,39.89,TRADE
NSW1,2020/02/07 05:00:00,6680.66,44.67,TRADE
NSW1,2020/02/07 05:30:00,7209.94,48.76,TRADE
NSW1,2020/02/07 06:00:00,7591.14,51.72,TRADE
NSW1,2020/02/07 06:30:00,8011.33,55.69,TRADE
NSW1,2020/02/07 07:00:00,8304.45,65.28,TRADE
NSW1,2020/02/07 07:30:00,8459.02,60.44,TRADE
NSW1,2020/02/07 08:00:00,8415.92,51.88,TRADE
NSW1,2020/02/07 08:30:00,8552.26,54.77,TRADE
NSW1,2020/02/07 09:00:00,8528.52,48.45,TRADE
NSW1,2020/02/07 09:30:00,8474.18,47.67,TRADE
NSW1,2020/02/07 10:00:00,8459.75,51.49,TRADE
NSW1,2020/02/07 10:30:00,8459.93,47.39,TRADE
NSW1,2020/02/07 11:00:00,8475.61,50.22,TRADE
NSW1,2020/02/07 11:30:00,8443.1,52.30,TRADE
NSW1,2020/02/07 12:00:00,8365.48,50.65,TRADE
NSW1,2020/02/07 12:30:00,8201.16,43.10,TRADE
NSW1,2020/02/07 13:00:00,8171.92,42.72,TRADE
NSW1,2020/02/07 13:30:00,8133.98,42.29,TRADE
NSW1,2020/02/07 14:00:00,8066.75,45.32,TRADE
NSW1,2020/02/07 14:30:00,8015.68,42.20,TRADE
NSW1,2020/02/07 15:00:00,8061.82,44.08,TRADE
NSW1,2020/02/07 15:30:00,8123.46,42.85,TRADE
NSW1,2020/02/07 16:00:00,8125.78,45.06,TRADE
NSW1,2020/02/07 16:30:00,8169.03,42.46,TRADE
NSW1,2020/02/07 17:00:00,8174.04,42.82,TRADE
NSW1,2020/02/07 17:30:00,8053.36,42.57,TRADE
NSW1,2020/02/07 18:00:00,8126.18,45.75,TRADE
NSW1,2020/02/07 18:30:00,8048.55,44.58,TRADE
NSW1,2020/02/07 19:00:00,8052.49,44.44,TRADE
NSW1,2020/02/07 19:30:00,8044.21,46.90,TRADE
NSW1,2020/02/07 20:00:00,7917.84,46.40,TRADE
NSW1,2020/02/07 20:30:00,7777.46,45.41,TRADE
NSW1,2020/02/07 21:00:00,7529.23,41.52,TRADE
NSW1,2020/02/07 21:30:00,7525.78,42.63,TRADE
NSW1,2020/02/07 22:00:00,7439.58,42.44,TRADE
NSW1,2020/02/07 22:30:00,7372.19,43.33,TRADE
NSW1,2020/02/07 23:00:00,7233.28,43.20,TRADE
NSW1,2020/02/07 23:30:00,7155.77,43.28,TRADE
NSW1,2020/02/08 00:00:00,7006.83,42.65,TRADE
NSW1,2020/02/08 00:30:00,6780.19,41.72,TRADE
NSW1,2020/02/08 01:00:00,6601.48,37.41,TRADE
NSW1,2020/02/08 01:30:00,6330.6,28.60,TRADE
NSW1,2020/02/08 02:00:00,6149.81,17.08,TRADE
NSW1,2020/02/08 02:30:00,6011.63,21.97,TRADE
NSW1,2020/02/08 03:00:00,5949.24,16.09,TRADE
NSW1,2020/02/08 03:30:00,5962,15.87,TRADE
NSW1,2020/02/08 04:00:00,5958.51,16.17,TRADE
NSW1,2020/02/08 04:30:00,6028.38,19.60,TRADE
NSW1,2020/02/08 05:00:00,6085.74,27.44,TRADE
NSW1,2020/02/08 05:30:00,6210.01,38.51,TRADE
NSW1,2020/02/08 06:00:00,6392.27,32.95,TRADE
NSW1,2020/02/08 06:30:00,6608.28,39.02,TRADE
NSW1,2020/02/08 07:00:00,6861.77,38.03,TRADE
NSW1,2020/02/08 07:30:00,7126.05,38.40,TRADE
NSW1,2020/02/08 08:00:00,7326.34,37.57,TRADE
NSW1,2020/02/08 08:30:00,7666.49,44.66,TRADE
NSW1,2020/02/08 09:00:00,7698.49,38.29,TRADE
NSW1,2020/02/08 09:30:00,7712.86,38.21,TRADE
NSW1,2020/02/08 10:00:00,7639.33,27.12,TRADE
NSW1,2020/02/08 10:30:00,7594.23,18.15,TRADE
NSW1,2020/02/08 11:00:00,7544.07,19.15,TRADE
NSW1,2020/02/08 11:30:00,7540.15,35.65,TRADE
NSW1,2020/02/08 12:00:00,7481.81,31.58,TRADE
NSW1,2020/02/08 12:30:00,7406.2,30.41,TRADE
NSW1,2020/02/08 13:00:00,7321.97,19.42,TRADE
NSW1,2020/02/08 13:30:00,7351.85,21.76,TRADE
NSW1,2020/02/08 14:00:00,7317.84,34.18,TRADE
NSW1,2020/02/08 14:30:00,7344.17,38.68,TRADE
NSW1,2020/02/08 15:00:00,7419.6,38.42,TRADE
NSW1,2020/02/08 15:30:00,7475.93,35.19,TRADE
NSW1,2020/02/08 16:00:00,7586.51,38.67,TRADE
NSW1,2020/02/08 16:30:00,7609.18,34.43,TRADE
NSW1,2020/02/08 17:00:00,7784.85,39.24,TRADE
NSW1,2020/02/08 17:30:00,7859.49,40.87,TRADE
NSW1,2020/02/08 18:00:00,7873.51,39.99,TRADE
NSW1,2020/02/08 18:30:00,7767.43,38.42,TRADE
NSW1,2020/02/08 19:00:00,7715.72,38.88,TRADE
NSW1,2020/02/08 19:30:00,7723.23,38.43,TRADE
NSW1,2020/02/08 20:00:00,7583.92,36.95,TRADE
NSW1,2020/02/08 20:30:00,7487.57,36.73,TRADE
NSW1,2020/02/08 21:00:00,7329.49,22.69,TRADE
NSW1,2020/02/08 21:30:00,7278.54,35.57,TRADE
NSW1,2020/02/08 22:00:00,7181.14,17.77,TRADE
NSW1,2020/02/08 22:30:00,7151.55,30.36,TRADE
NSW1,2020/02/08 23:00:00,7004.49,35.49,TRADE
NSW1,2020/02/08 23:30:00,6776.56,37.98,TRADE
NSW1,2020/02/09 00:00:00,6761.98,36.01,TRADE
NSW1,2020/02/09 00:30:00,6553,26.61,TRADE
NSW1,2020/02/09 01:00:00,6407.82,32.56,TRADE
NSW1,2020/02/09 01:30:00,6186.68,12.95,TRADE
NSW1,2020/02/09 02:00:00,5979.03,17.17,TRADE
NSW1,2020/02/09 02:30:00,5891.35,19.05,TRADE
NSW1,2020/02/09 03:00:00,5856.94,19.05,TRADE
NSW1,2020/02/09 03:30:00,5822.36,17.88,TRADE
NSW1,2020/02/09 04:00:00,5831.36,19.05,TRADE
NSW1,2020/02/09 04:30:00,5862.22,19.05,TRADE
NSW1,2020/02/09 05:00:00,5897.06,19.05,TRADE
NSW1,2020/02/09 05:30:00,5999.92,19.32,TRADE
NSW1,2020/02/09 06:00:00,6100.45,20.19,TRADE
NSW1,2020/02/09 06:30:00,6318.13,26.95,TRADE
NSW1,2020/02/09 07:00:00,6536.51,34.68,TRADE
NSW1,2020/02/09 07:30:00,6817.33,21.43,TRADE
NSW1,2020/02/09 08:00:00,7148.02,31.89,TRADE
NSW1,2020/02/09 08:30:00,7391.4,39.16,TRADE
NSW1,2020/02/09 09:00:00,7537.2,36.17,TRADE
NSW1,2020/02/09 09:30:00,7713.81,38.42,TRADE
NSW1,2020/02/09 10:00:00,7696.76,39.61,TRADE
NSW1,2020/02/09 10:30:00,7653.84,43.14,TRADE
NSW1,2020/02/09 11:00:00,7651.52,39.02,TRADE
NSW1,2020/02/09 11:30:00,7652.65,39.32,TRADE
NSW1,2020/02/09 12:00:00,7595.89,37.97,TRADE
NSW1,2020/02/09 12:30:00,7612.31,38.44,TRADE
NSW1,2020/02/09 13:00:00,7557.87,38.88,TRADE
NSW1,2020/02/09 13:30:00,7502.66,36.78,TRADE
NSW1,2020/02/09 14:00:00,7473.26,38.47,TRADE
NSW1,2020/02/09 14:30:00,7461.34,38.38,TRADE
NSW1,2020/02/09 15:00:00,7535.02,40.71,TRADE
NSW1,2020/02/09 15:30:00,7569.68,39.80,TRADE
NSW1,2020/02/09 16:00:00,7636.66,39.23,TRADE
NSW1,2020/02/09 16:30:00,7670.87,38.43,TRADE
NSW1,2020/02/09 17:00:00,7840.36,40.57,TRADE
NSW1,2020/02/09 17:30:00,7889.71,39.44,TRADE
NSW1,2020/02/09 18:00:00,7920.61,39.03,TRADE
NSW1,2020/02/09 18:30:00,7873.1,38.43,TRADE
NSW1,2020/02/09 19:00:00,7802.08,38.43,TRADE
NSW1,2020/02/09 19:30:00,7798.34,38.41,TRADE
NSW1,2020/02/09 20:00:00,7696.66,26.16,TRADE
NSW1,2020/02/09 20:30:00,7551.61,37.29,TRADE
NSW1,2020/02/09 21:00:00,7325.51,24.91,TRADE
NSW1,2020/02/09 21:30:00,7172.54,37.21,TRADE
NSW1,2020/02/09 22:00:00,7021.26,33.85,TRADE
NSW1,2020/02/09 22:30:00,6926.92,35.65,TRADE
NSW1,2020/02/09 23:00:00,6792.51,38.50,TRADE
NSW1,2020/02/09 23:30:00,6617.24,38.42,TRADE
NSW1,2020/02/10 00:00:00,6488.42,35.98,TRADE
NSW1,2020/02/10 00:30:00,6399.46,38.41,TRADE
NSW1,2020/02/10 01:00:00,6275.05,36.87,TRADE
NSW1,2020/02/10 01:30:00,6066.78,34.56,TRADE
NSW1,2020/02/10 02:00:00,5926.9,31.80,TRADE
NSW1,2020/02/10 02:30:00,5851.84,38.15,TRADE
NSW1,2020/02/10 03:00:00,5859.93,38,TRADE
NSW1,2020/02/10 03:30:00,5851.66,35.38,TRADE
NSW1,2020/02/10 04:00:00,5913.4,39.54,TRADE
NSW1,2020/02/10 04:30:00,6125.11,43.35,TRADE
NSW1,2020/02/10 05:00:00,6428.61,42.08,TRADE
NSW1,2020/02/10 05:30:00,6894.23,55.05,TRADE
NSW1,2020/02/10 06:00:00,7337.33,52.95,TRADE
NSW1,2020/02/10 06:30:00,7779.26,70.93,TRADE
NSW1,2020/02/10 07:00:00,8002.94,64.30,TRADE
NSW1,2020/02/10 07:30:00,8069.58,42.27,TRADE
NSW1,2020/02/10 08:00:00,8138.1,51.29,TRADE
NSW1,2020/02/10 08:30:00,8229.83,49,TRADE
NSW1,2020/02/10 09:00:00,8213.71,45.53,TRADE
NSW1,2020/02/10 09:30:00,8310.52,49.25,TRADE
NSW1,2020/02/10 10:00:00,8325.51,51.23,TRADE
NSW1,2020/02/10 10:30:00,8258.81,50.86,TRADE
NSW1,2020/02/10 11:00:00,8258.5,48.62,TRADE
NSW1,2020/02/10 11:30:00,8293.33,48.67,TRADE
NSW1,2020/02/10 12:00:00,8314.13,48.53,TRADE
NSW1,2020/02/10 12:30:00,8335.52,49.66,TRADE
NSW1,2020/02/10 13:00:00,8305.99,47.20,TRADE
NSW1,2020/02/10 13:30:00,8265.15,48.49,TRADE
NSW1,2020/02/10 14:00:00,8368.59,48.69,TRADE
NSW1,2020/02/10 14:30:00,8467.03,48.61,TRADE
NSW1,2020/02/10 15:00:00,8748.9,48.59,TRADE
NSW1,2020/02/10 15:30:00,8963.47,74.95,TRADE
NSW1,2020/02/10 16:00:00,9182.72,63.65,TRADE
NSW1,2020/02/10 16:30:00,9309.77,66.27,TRADE
NSW1,2020/02/10 17:00:00,9346.36,57.52,TRADE
NSW1,2020/02/10 17:30:00,9203.63,52.08,TRADE
NSW1,2020/02/10 18:00:00,9182.47,61.24,TRADE
NSW1,2020/02/10 18:30:00,8980.3,56.01,TRADE
NSW1,2020/02/10 19:00:00,8837.59,54.28,TRADE
NSW1,2020/02/10 19:30:00,8844.93,53.31,TRADE
NSW1,2020/02/10 20:00:00,8672.33,51.23,TRADE
NSW1,2020/02/10 20:30:00,8443.07,48.88,TRADE
NSW1,2020/02/10 21:00:00,8159.76,42.53,TRADE
NSW1,2020/02/10 21:30:00,8015.97,39,TRADE
NSW1,2020/02/10 22:00:00,7806.86,38.72,TRADE
NSW1,2020/02/10 22:30:00,7724.48,43.58,TRADE
NSW1,2020/02/10 23:00:00,7529.97,45.85,TRADE
NSW1,2020/02/10 23:30:00,7364.9,50.46,TRADE
NSW1,2020/02/11 00:00:00,7233.72,48.59,TRADE
NSW1,2020/02/11 00:30:00,7076.7,51.21,TRADE
NSW1,2020/02/11 01:00:00,6850.47,47.72,TRADE
NSW1,2020/02/11 01:30:00,6655.13,23.81,TRADE
NSW1,2020/02/11 02:00:00,6445.51,42.91,TRADE
NSW1,2020/02/11 02:30:00,6334.19,48.31,TRADE
NSW1,2020/02/11 03:00:00,6231.73,39.95,TRADE
NSW1,2020/02/11 03:30:00,6285.7,38.40,TRADE
NSW1,2020/02/11 04:00:00,6344.99,45.84,TRADE
NSW1,2020/02/11 04:30:00,6525.29,42.67,TRADE
NSW1,2020/02/11 05:00:00,6733.69,44.33,TRADE
NSW1,2020/02/11 05:30:00,7251.11,55.49,TRADE
NSW1,2020/02/11 06:00:00,7613.18,46.87,TRADE
NSW1,2020/02/11 06:30:00,7970.25,54.97,TRADE
NSW1,2020/02/11 07:00:00,8144.94,60.23,TRADE
NSW1,2020/02/11 07:30:00,8244.92,49.93,TRADE
NSW1,2020/02/11 08:00:00,8155.94,41.87,TRADE
NSW1,2020/02/11 08:30:00,8215.07,41.80,TRADE
NSW1,2020/02/11 09:00:00,8277.14,43.38,TRADE
NSW1,2020/02/11 09:30:00,8407.74,51.38,TRADE
NSW1,2020/02/11 10:00:00,8427,51.59,TRADE
NSW1,2020/02/11 10:30:00,8529.65,52.13,TRADE
NSW1,2020/02/11 11:00:00,8525.52,49.97,TRADE
NSW1,2020/02/11 11:30:00,8504.48,49.19,TRADE
NSW1,2020/02/11 12:00:00,8605.99,52.66,TRADE
NSW1,2020/02/11 12:30:00,8763.18,54.97,TRADE
NSW1,2020/02/11 13:00:00,8962.13,56.84,TRADE
NSW1,2020/02/11 13:30:00,9105.49,55.07,TRADE
NSW1,2020/02/11 14:00:00,9263.72,68.15,TRADE
NSW1,2020/02/11 14:30:00,9335.31,53.51,TRADE
NSW1,2020/02/11 15:00:00,9570.03,56.73,TRADE
NSW1,2020/02/11 15:30:00,9711.44,62.05,TRADE
NSW1,2020/02/11 16:00:00,9791.26,95.15,TRADE
NSW1,2020/02/11 16:30:00,9966.14,75.89,TRADE
NSW1,2020/02/11 17:00:00,10020.15,72.55,TRADE
NSW1,2020/02/11 17:30:00,9905.86,77.32,TRADE
NSW1,2020/02/11 18:00:00,9859.75,117.98,TRADE
NSW1,2020/02/11 18:30:00,9611.99,93.13,TRADE
NSW1,2020/02/11 19:00:00,9463.48,126.57,TRADE
NSW1,2020/02/11 19:30:00,9420.65,122.78,TRADE
NSW1,2020/02/11 20:00:00,9213.22,104.23,TRADE
NSW1,2020/02/11 20:30:00,9004.88,89.65,TRADE
NSW1,2020/02/11 21:00:00,8690.95,76.30,TRADE
NSW1,2020/02/11 21:30:00,8493.71,51.81,TRADE
NSW1,2020/02/11 22:00:00,8218.26,40.09,TRADE
NSW1,2020/02/11 22:30:00,8093.51,50.62,TRADE
NSW1,2020/02/11 23:00:00,7909.89,43.38,TRADE
NSW1,2020/02/11 23:30:00,7693.42,50.79,TRADE
NSW1,2020/02/12 00:00:00,7536.47,43.75,TRADE
NSW1,2020/02/12 00:30:00,7364.4,48.10,TRADE
NSW1,2020/02/12 01:00:00,7151.98,47.84,TRADE
NSW1,2020/02/12 01:30:00,6859.71,41.84,TRADE
NSW1,2020/02/12 02:00:00,6600.5,44.37,TRADE
NSW1,2020/02/12 02:30:00,6467.66,41.86,TRADE
NSW1,2020/02/12 03:00:00,6423.19,39.55,TRADE
NSW1,2020/02/12 03:30:00,6426.42,39.60,TRADE
NSW1,2020/02/12 04:00:00,6478.47,35.64,TRADE
NSW1,2020/02/12 04:30:00,6720.58,39.01,TRADE
NSW1,2020/02/12 05:00:00,6888.71,42.49,TRADE
NSW1,2020/02/12 05:30:00,7375.84,68.78,TRADE
NSW1,2020/02/12 06:00:00,7801.44,66.17,TRADE
NSW1,2020/02/12 06:30:00,8098.26,76.35,TRADE
NSW1,2020/02/12 07:00:00,8342.92,72.49,TRADE
NSW1,2020/02/12 07:30:00,8489.72,55.51,TRADE
NSW1,2020/02/12 08:00:00,8499.85,54.36,TRADE
NSW1,2020/02/12 08:30:00,8609.67,54.62,TRADE
NSW1,2020/02/12 09:00:00,8714.93,55.10,TRADE
NSW1,2020/02/12 09:30:00,8773.28,58.64,TRADE
NSW1,2020/02/12 10:00:00,8833.44,54.11,TRADE
NSW1,2020/02/12 10:30:00,8856.46,53.61,TRADE
NSW1,2020/02/12 11:00:00,8879.56,52.65,TRADE
NSW1,2020/02/12 11:30:00,8864.11,48.88,TRADE
NSW1,2020/02/12 12:00:00,8853.7,48.33,TRADE
NSW1,2020/02/12 12:30:00,8871.87,48.68,TRADE
NSW1,2020/02/12 13:00:00,8886.83,49.84,TRADE
NSW1,2020/02/12 13:30:00,8916.69,47.96,TRADE
NSW1,2020/02/12 14:00:00,8919.06,49.34,TRADE
NSW1,2020/02/12 14:30:00,8970.57,54.70,TRADE
NSW1,2020/02/12 15:00:00,9128.86,52.96,TRADE
NSW1,2020/02/12 15:30:00,9266.83,52.98,TRADE
NSW1,2020/02/12 16:00:00,9287.37,52.24,TRADE
NSW1,2020/02/12 16:30:00,9371.34,49.31,TRADE
NSW1,2020/02/12 17:00:00,9397.17,51.19,TRADE
NSW1,2020/02/12 17:30:00,9245.02,73.53,TRADE
NSW1,2020/02/12 18:00:00,9246.48,71.88,TRADE
NSW1,2020/02/12 18:30:00,9173.12,117.81,TRADE
NSW1,2020/02/12 19:00:00,9038.06,106.62,TRADE
NSW1,2020/02/12 19:30:00,8970.1,81.69,TRADE
NSW1,2020/02/12 20:00:00,8822.13,61.34,TRADE
NSW1,2020/02/12 20:30:00,8647.02,46.40,TRADE
NSW1,2020/02/12 21:00:00,8366.24,49.23,TRADE
NSW1,2020/02/12 21:30:00,8180.62,46.12,TRADE
NSW1,2020/02/12 22:00:00,8005.06,41.61,TRADE
NSW1,2020/02/12 22:30:00,7897.61,50.36,TRADE
NSW1,2020/02/12 23:00:00,7746.77,44.60,TRADE
NSW1,2020/02/12 23:30:00,7538.2,52.18,TRADE
NSW1,2020/02/13 00:00:00,7459.22,49.06,TRADE
NSW1,2020/02/13 00:30:00,7214.29,45.39,TRADE
NSW1,2020/02/13 01:00:00,7037.28,48.24,TRADE
NSW1,2020/02/13 01:30:00,6718.19,44.44,TRADE
NSW1,2020/02/13 02:00:00,6571.39,44.41,TRADE
NSW1,2020/02/13 02:30:00,6481.46,42.34,TRADE
NSW1,2020/02/13 03:00:00,6465.85,38.62,TRADE
NSW1,2020/02/13 03:30:00,6477.35,39.37,TRADE
NSW1,2020/02/13 04:00:00,6545.97,35.70,TRADE
NSW1,2020/02/13 04:30:00,6814,43.30,TRADE
NSW1,2020/02/13 05:00:00,7039.92,48.09,TRADE
NSW1,2020/02/13 05:30:00,7552.98,63.49,TRADE
NSW1,2020/02/13 06:00:00,7999.99,62.11,TRADE
NSW1,2020/02/13 06:30:00,8481.2,77.28,TRADE
NSW1,2020/02/13 07:00:00,8701.36,76.15,TRADE
NSW1,2020/02/13 07:30:00,8848.41,57.89,TRADE
NSW1,2020/02/13 08:00:00,8877.13,62.73,TRADE
NSW1,2020/02/13 08:30:00,9010.41,57.19,TRADE
NSW1,2020/02/13 09:00:00,9081.41,55.76,TRADE
NSW1,2020/02/13 09:30:00,9115.59,62.47,TRADE
NSW1,2020/02/13 10:00:00,9133.14,73.79,TRADE
NSW1,2020/02/13 10:30:00,9150.61,81.14,TRADE
NSW1,2020/02/13 11:00:00,9156.07,101.95,TRADE
NSW1,2020/02/13 11:30:00,9178.99,95.48,TRADE
NSW1,2020/02/13 12:00:00,9168.83,76.25,TRADE
NSW1,2020/02/13 12:30:00,9145.26,76.03,TRADE
NSW1,2020/02/13 13:00:00,9248.94,149.71,TRADE
NSW1,2020/02/13 13:30:00,9229.71,75.13,TRADE
NSW1,2020/02/13 14:00:00,9184.02,98.08,TRADE
NSW1,2020/02/13 14:30:00,9191.47,69.54,TRADE
NSW1,2020/02/13 15:00:00,9236.3,65.58,TRADE
NSW1,2020/02/13 15:30:00,9268.2,71.08,TRADE
NSW1,2020/02/13 16:00:00,9377.12,78.64,TRADE
NSW1,2020/02/13 16:30:00,9462.41,86.31,TRADE
NSW1,2020/02/13 17:00:00,9502.26,98.17,TRADE
NSW1,2020/02/13 17:30:00,9429.02,76.07,TRADE
NSW1,2020/02/13 18:00:00,9424.44,91.22,TRADE
NSW1,2020/02/13 18:30:00,9318.14,102.66,TRADE
NSW1,2020/02/13 19:00:00,9221.61,179.21,TRADE
NSW1,2020/02/13 19:30:00,9207.01,171.70,TRADE
NSW1,2020/02/13 20:00:00,9040.77,85.44,TRADE
NSW1,2020/02/13 20:30:00,8754.35,74.82,TRADE
NSW1,2020/02/13 21:00:00,8484.5,65.47,TRADE
NSW1,2020/02/13 21:30:00,8334.24,64.70,TRADE
NSW1,2020/02/13 22:00:00,8113.67,54.12,TRADE
NSW1,2020/02/13 22:30:00,8015.09,58.56,TRADE
NSW1,2020/02/13 23:00:00,7818.19,51.22,TRADE
NSW1,2020/02/13 23:30:00,7617.79,51.09,TRADE
NSW1,2020/02/14 00:00:00,7498.42,50.74,TRADE
NSW1,2020/02/14 00:30:00,7232.97,48.94,TRADE
NSW1,2020/02/14 01:00:00,7095.3,49.90,TRADE
NSW1,2020/02/14 01:30:00,6832.5,50.10,TRADE
NSW1,2020/02/14 02:00:00,6637.66,57.34,TRADE
NSW1,2020/02/14 02:30:00,6551.78,55.85,TRADE
NSW1,2020/02/14 03:00:00,6426.45,54.23,TRADE
NSW1,2020/02/14 03:30:00,6493.64,53.71,TRADE
NSW1,2020/02/14 04:00:00,6559.88,49.88,TRADE
NSW1,2020/02/14 04:30:00,6782.89,48.57,TRADE
NSW1,2020/02/14 05:00:00,6986.19,49.26,TRADE
NSW1,2020/02/14 05:30:00,7508.72,52.39,TRADE
NSW1,2020/02/14 06:00:00,7832.82,65.68,TRADE
NSW1,2020/02/14 06:30:00,8213.17,78.50,TRADE
NSW1,2020/02/14 07:00:00,8400.92,68.60,TRADE
NSW1,2020/02/14 07:30:00,8457.33,53.62,TRADE
NSW1,2020/02/14 08:00:00,8484.12,63.50,TRADE
NSW1,2020/02/14 08:30:00,8513.75,67.11,TRADE
NSW1,2020/02/14 09:00:00,8526.99,159.40,TRADE
NSW1,2020/02/14 09:30:00,8474.57,67.19,TRADE
NSW1,2020/02/14 10:00:00,8398.11,73.39,TRADE
NSW1,2020/02/14 10:30:00,8368.14,88.78,TRADE
NSW1,2020/02/14 11:00:00,8376.01,67.65,TRADE
NSW1,2020/02/14 11:30:00,8256.14,65.48,TRADE
NSW1,2020/02/14 12:00:00,8186.91,73.49,TRADE
NSW1,2020/02/14 12:30:00,8216.96,88.55,TRADE
NSW1,2020/02/14 13:00:00,8253.05,72.99,TRADE
NSW1,2020/02/14 13:30:00,8252.89,77.16,TRADE
NSW1,2020/02/14 14:00:00,8292.67,61.91,TRADE
NSW1,2020/02/14 14:30:00,8408.38,51.60,TRADE
NSW1,2020/02/14 15:00:00,8595.15,48.38,TRADE
NSW1,2020/02/14 15:30:00,8783.6,54.72,TRADE
NSW1,2020/02/14 16:00:00,8969.05,68.38,TRADE
NSW1,2020/02/14 16:30:00,9101.68,74.02,TRADE
NSW1,2020/02/14 17:00:00,9197.97,66.60,TRADE
NSW1,2020/02/14 17:30:00,9182.16,60.22,TRADE
NSW1,2020/02/14 18:00:00,9153.52,66.73,TRADE
NSW1,2020/02/14 18:30:00,9007.6,80.03,TRADE
NSW1,2020/02/14 19:00:00,8832.99,77.86,TRADE
NSW1,2020/02/14 19:30:00,8754.57,87.84,TRADE
NSW1,2020/02/14 20:00:00,8658.34,68.21,TRADE
NSW1,2020/02/14 20:30:00,8497.11,70.32,TRADE
NSW1,2020/02/14 21:00:00,8268.94,56.52,TRADE
NSW1,2020/02/14 21:30:00,8183.11,67.65,TRADE
NSW1,2020/02/14 22:00:00,8041.72,59.85,TRADE
NSW1,2020/02/14 22:30:00,7907.2,59.75,TRADE
NSW1,2020/02/14 23:00:00,7778.83,64.37,TRADE
NSW1,2020/02/14 23:30:00,7529.3,57.14,TRADE
NSW1,2020/02/15 00:00:00,7368.44,52.78,TRADE
NSW1,2020/02/15 00:30:00,7166.02,64.88,TRADE
NSW1,2020/02/15 01:00:00,6930.04,70.28,TRADE
NSW1,2020/02/15 01:30:00,6611.63,51.05,TRADE
NSW1,2020/02/15 02:00:00,6465.2,48.53,TRADE
NSW1,2020/02/15 02:30:00,6275.1,51.75,TRADE
NSW1,2020/02/15 03:00:00,6203.39,49.11,TRADE
NSW1,2020/02/15 03:30:00,6191.8,62.90,TRADE
NSW1,2020/02/15 04:00:00,6174.62,51.39,TRADE
NSW1,2020/02/15 04:30:00,6227.12,58.22,TRADE
NSW1,2020/02/15 05:00:00,6289.76,48.70,TRADE
NSW1,2020/02/15 05:30:00,6470.73,49.86,TRADE
NSW1,2020/02/15 06:00:00,6569.97,48.78,TRADE
NSW1,2020/02/15 06:30:00,6809.25,50.42,TRADE
NSW1,2020/02/15 07:00:00,6942.22,47.96,TRADE
NSW1,2020/02/15 07:30:00,7096.83,41.85,TRADE
NSW1,2020/02/15 08:00:00,7233.17,42.53,TRADE
NSW1,2020/02/15 08:30:00,7355.13,44.90,TRADE
NSW1,2020/02/15 09:00:00,7285.69,44.33,TRADE
NSW1,2020/02/15 09:30:00,7300.64,49.29,TRADE
NSW1,2020/02/15 10:00:00,7285.33,43.61,TRADE
NSW1,2020/02/15 10:30:00,7269.9,42.53,TRADE
NSW1,2020/02/15 11:00:00,7420.45,50,TRADE
NSW1,2020/02/15 11:30:00,7511.08,49.81,TRADE
NSW1,2020/02/15 12:00:00,7593.58,51.93,TRADE
NSW1,2020/02/15 12:30:00,7734.8,50.37,TRADE
NSW1,2020/02/15 13:00:00,7877.83,51.55,TRADE
NSW1,2020/02/15 13:30:00,7944.18,53.10,TRADE
NSW1,2020/02/15 14:00:00,7943.67,59.79,TRADE
NSW1,2020/02/15 14:30:00,7888.83,50.47,TRADE
NSW1,2020/02/15 15:00:00,7994.2,66.20,TRADE
NSW1,2020/02/15 15:30:00,8238.55,54.63,TRADE
NSW1,2020/02/15 16:00:00,8400.98,70.17,TRADE
NSW1,2020/02/15 16:30:00,8418.83,59.59,TRADE
NSW1,2020/02/15 17:00:00,8678.34,65.97,TRADE
NSW1,2020/02/15 17:30:00,8802.9,92.13,TRADE
NSW1,2020/02/15 18:00:00,8881.07,89.06,TRADE
NSW1,2020/02/15 18:30:00,8719.67,95.93,TRADE
NSW1,2020/02/15 19:00:00,8560.6,166.30,TRADE
NSW1,2020/02/15 19:30:00,8485.39,182.91,TRADE
NSW1,2020/02/15 20:00:00,8302.14,86.55,TRADE
NSW1,2020/02/15 20:30:00,8196.69,94.32,TRADE
NSW1,2020/02/15 21:00:00,7984.73,71.17,TRADE
NSW1,2020/02/15 21:30:00,7875.42,71.87,TRADE
NSW1,2020/02/15 22:00:00,7735.67,73.43,TRADE
NSW1,2020/02/15 22:30:00,7600.62,70.51,TRADE
NSW1,2020/02/15 23:00:00,7403.05,70.23,TRADE
NSW1,2020/02/15 23:30:00,7185.38,54.80,TRADE
NSW1,2020/02/16 00:00:00,7114.35,50.87,TRADE
NSW1,2020/02/16 00:30:00,6944.2,49.91,TRADE
NSW1,2020/02/16 01:00:00,6731.31,49.70,TRADE
NSW1,2020/02/16 01:30:00,6465.62,44,TRADE
NSW1,2020/02/16 02:00:00,6293.37,54.86,TRADE
NSW1,2020/02/16 02:30:00,6179.15,51.16,TRADE
NSW1,2020/02/16 03:00:00,6132.59,47.58,TRADE
NSW1,2020/02/16 03:30:00,6083.48,43.29,TRADE
NSW1,2020/02/16 04:00:00,6094.61,42.07,TRADE
NSW1,2020/02/16 04:30:00,6152.07,40.65,TRADE
NSW1,2020/02/16 05:00:00,6150.46,38.64,TRADE
NSW1,2020/02/16 05:30:00,6302.91,47.41,TRADE
NSW1,2020/02/16 06:00:00,6309.4,47.76,TRADE
NSW1,2020/02/16 06:30:00,6456.42,48.70,TRADE
NSW1,2020/02/16 07:00:00,6586.29,48.25,TRADE
NSW1,2020/02/16 07:30:00,6814.61,42.93,TRADE
NSW1,2020/02/16 08:00:00,6966.53,41.16,TRADE
NSW1,2020/02/16 08:30:00,7021.31,44.82,TRADE
NSW1,2020/02/16 09:00:00,7097.67,48.98,TRADE
NSW1,2020/02/16 09:30:00,7173.19,50.90,TRADE
NSW1,2020/02/16 10:00:00,7153.39,50.62,TRADE
NSW1,2020/02/16 10:30:00,7204.76,54.15,TRADE
NSW1,2020/02/16 11:00:00,7223.12,53.91,TRADE
NSW1,2020/02/16 11:30:00,7319,55.70,TRADE
NSW1,2020/02/16 12:00:00,7416.78,60.95,TRADE
NSW1,2020/02/16 12:30:00,7507.6,62.74,TRADE
NSW1,2020/02/16 13:00:00,7620.91,59.68,TRADE
NSW1,2020/02/16 13:30:00,7704.52,55.77,TRADE
NSW1,2020/02/16 14:00:00,7740.04,51.30,TRADE
NSW1,2020/02/16 14:30:00,7812.45,64.41,TRADE
NSW1,2020/02/16 15:00:00,7848.23,54.53,TRADE
NSW1,2020/02/16 15:30:00,8020.49,59.35,TRADE
NSW1,2020/02/16 16:00:00,8177.13,65.14,TRADE
NSW1,2020/02/16 16:30:00,8296.3,53.60,TRADE
NSW1,2020/02/16 17:00:00,8531.42,63.79,TRADE
NSW1,2020/02/16 17:30:00,8594.98,82.48,TRADE
NSW1,2020/02/16 18:00:00,8574.09,98.21,TRADE
NSW1,2020/02/16 18:30:00,8543.62,131.23,TRADE
NSW1,2020/02/16 19:00:00,8464.01,84.69,TRADE
NSW1,2020/02/16 19:30:00,8460.68,96.32,TRADE
NSW1,2020/02/16 20:00:00,8354.58,71.54,TRADE
NSW1,2020/02/16 20:30:00,8172.42,69.12,TRADE
NSW1,2020/02/16 21:00:00,7985.57,62.52,TRADE
NSW1,2020/02/16 21:30:00,7753.61,54.96,TRADE
NSW1,2020/02/16 22:00:00,7591.36,48.87,TRADE
NSW1,2020/02/16 22:30:00,7474.34,49.40,TRADE
NSW1,2020/02/16 23:00:00,7321.87,46.63,TRADE
NSW1,2020/02/16 23:30:00,7110.16,47.36,TRADE
NSW1,2020/02/17 00:00:00,6965.41,42.01,TRADE
NSW1,2020/02/17 00:30:00,6861.16,43.93,TRADE
NSW1,2020/02/17 01:00:00,6670.84,44.57,TRADE
NSW1,2020/02/17 01:30:00,6453.79,42.19,TRADE
NSW1,2020/02/17 02:00:00,6326.6,43.25,TRADE
NSW1,2020/02/17 02:30:00,6281.32,41.98,TRADE
NSW1,2020/02/17 03:00:00,6226.75,40.07,TRADE
NSW1,2020/02/17 03:30:00,6252.86,42.80,TRADE
NSW1,2020/02/17 04:00:00,6388.79,44.91,TRADE
NSW1,2020/02/17 04:30:00,6607.05,43.89,TRADE
NSW1,2020/02/17 05:00:00,6836.12,47.42,TRADE
NSW1,2020/02/17 05:30:00,7369.17,55.66,TRADE
NSW1,2020/02/17 06:00:00,7804.64,60.99,TRADE
NSW1,2020/02/17 06:30:00,8220.51,78.15,TRADE
NSW1,2020/02/17 07:00:00,8452.94,75.61,TRADE
NSW1,2020/02/17 07:30:00,8657.14,53.28,TRADE
NSW1,2020/02/17 08:00:00,8635.43,51.19,TRADE
NSW1,2020/02/17 08:30:00,8698.82,66.77,TRADE
NSW1,2020/02/17 09:00:00,8743.72,73.56,TRADE
NSW1,2020/02/17 09:30:00,8855.07,86.29,TRADE
NSW1,2020/02/17 10:00:00,8848.95,82.27,TRADE
NSW1,2020/02/17 10:30:00,8881.26,82.62,TRADE
NSW1,2020/02/17 11:00:00,8960.3,90.56,TRADE
NSW1,2020/02/17 11:30:00,8891.93,111.13,TRADE
NSW1,2020/02/17 12:00:00,8865.4,83.44,TRADE
NSW1,2020/02/17 12:30:00,8741.55,63.72,TRADE
NSW1,2020/02/17 13:00:00,8661.46,61.29,TRADE
NSW1,2020/02/17 13:30:00,8729.22,70.19,TRADE
NSW1,2020/02/17 14:00:00,8770.64,82.12,TRADE
NSW1,2020/02/17 14:30:00,8751.1,82.10,TRADE
NSW1,2020/02/17 15:00:00,8838.16,81.34,TRADE
NSW1,2020/02/17 15:30:00,8888.95,84.52,TRADE
NSW1,2020/02/17 16:00:00,9043.33,168.91,TRADE
NSW1,2020/02/17 16:30:00,9159.1,71.84,TRADE
NSW1,2020/02/17 17:00:00,9255.9,75.57,TRADE
NSW1,2020/02/17 17:30:00,9249.46,71.37,TRADE
NSW1,2020/02/17 18:00:00,9194.92,91.17,TRADE
NSW1,2020/02/17 18:30:00,9039.43,86.55,TRADE
NSW1,2020/02/17 19:00:00,8944.22,105.34,TRADE
NSW1,2020/02/17 19:30:00,8908.37,93.59,TRADE
NSW1,2020/02/17 20:00:00,8768.07,79.20,TRADE
NSW1,2020/02/17 20:30:00,8551.57,68.46,TRADE
NSW1,2020/02/17 21:00:00,8306.56,73.81,TRADE
NSW1,2020/02/17 21:30:00,8124.43,68.75,TRADE
NSW1,2020/02/17 22:00:00,7991.78,64.28,TRADE
NSW1,2020/02/17 22:30:00,7908.89,66.48,TRADE
NSW1,2020/02/17 23:00:00,7763.01,51.43,TRADE
NSW1,2020/02/17 23:30:00,7554.63,51.68,TRADE
NSW1,2020/02/18 00:00:00,7448.27,48.64,TRADE
NSW1,2020/02/18 00:30:00,7275.64,53.81,TRADE
NSW1,2020/02/18 01:00:00,7045.96,50.21,TRADE
NSW1,2020/02/18 01:30:00,6779.85,49.30,TRADE
NSW1,2020/02/18 02:00:00,6563.19,45.71,TRADE
NSW1,2020/02/18 02:30:00,6487.11,46.11,TRADE
NSW1,2020/02/18 03:00:00,6442.45,45.67,TRADE
NSW1,2020/02/18 03:30:00,6454.83,44.64,TRADE
NSW1,2020/02/18 04:00:00,6506.54,43.82,TRADE
NSW1,2020/02/18 04:30:00,6718.99,38.98,TRADE
NSW1,2020/02/18 05:00:00,6980.67,41.50,TRADE
NSW1,2020/02/18 05:30:00,7473.55,53.02,TRADE
NSW1,2020/02/18 06:00:00,7884.27,59.36,TRADE
NSW1,2020/02/18 06:30:00,8205.35,63.08,TRADE
NSW1,2020/02/18 07:00:00,8461.22,68.99,TRADE
NSW1,2020/02/18 07:30:00,8443.62,48.28,TRADE
NSW1,2020/02/18 08:00:00,8435.83,44.58,TRADE
NSW1,2020/02/18 08:30:00,8449.61,47.91,TRADE
NSW1,2020/02/18 09:00:00,8354.21,50.09,TRADE
NSW1,2020/02/18 09:30:00,8392.58,58.81,TRADE
NSW1,2020/02/18 10:00:00,8497.34,59.04,TRADE
NSW1,2020/02/18 10:30:00,8594.77,55.96,TRADE
NSW1,2020/02/18 11:00:00,8658.78,58.35,TRADE
NSW1,2020/02/18 11:30:00,8792.35,55.64,TRADE
NSW1,2020/02/18 12:00:00,8995.53,64.51,TRADE
NSW1,2020/02/18 12:30:00,9233.21,87.08,TRADE
NSW1,2020/02/18 13:00:00,9476.35,146.50,TRADE
NSW1,2020/02/18 13:30:00,9737.43,76.99,TRADE
NSW1,2020/02/18 14:00:00,10014.77,84.14,TRADE
NSW1,2020/02/18 14:30:00,10295.97,82.58,TRADE
NSW1,2020/02/18 15:00:00,10685.85,82.04,TRADE
NSW1,2020/02/18 15:30:00,10923.27,113.76,TRADE
NSW1,2020/02/18 16:00:00,11062.75,73.90,TRADE
NSW1,2020/02/18 16:30:00,11079.33,63.47,TRADE
NSW1,2020/02/18 17:00:00,11076.18,70.75,TRADE
NSW1,2020/02/18 17:30:00,10990.14,119.96,TRADE
NSW1,2020/02/18 18:00:00,10864.6,74.88,TRADE
NSW1,2020/02/18 18:30:00,10710.67,75.01,TRADE
NSW1,2020/02/18 19:00:00,10453.36,73.83,TRADE
NSW1,2020/02/18 19:30:00,10214.45,73.10,TRADE
NSW1,2020/02/18 20:00:00,10008.39,73.61,TRADE
NSW1,2020/02/18 20:30:00,9693.98,67.05,TRADE
NSW1,2020/02/18 21:00:00,9314.42,60.72,TRADE
NSW1,2020/02/18 21:30:00,8935.98,50.98,TRADE
NSW1,2020/02/18 22:00:00,8286.58,36.79,TRADE
NSW1,2020/02/18 22:30:00,7956.33,45.60,TRADE
NSW1,2020/02/18 23:00:00,7592.51,36.49,TRADE
NSW1,2020/02/18 23:30:00,7407.06,40.44,TRADE
NSW1,2020/02/19 00:00:00,7215.8,35.73,TRADE
NSW1,2020/02/19 00:30:00,6993.5,38.41,TRADE
NSW1,2020/02/19 01:00:00,6776.62,37.22,TRADE
NSW1,2020/02/19 01:30:00,6526.33,38.34,TRADE
NSW1,2020/02/19 02:00:00,6350.83,39.86,TRADE
NSW1,2020/02/19 02:30:00,6252.81,38.31,TRADE
NSW1,2020/02/19 03:00:00,6177.25,37.74,TRADE
NSW1,2020/02/19 03:30:00,6229.08,38.41,TRADE
NSW1,2020/02/19 04:00:00,6272.31,38.42,TRADE
NSW1,2020/02/19 04:30:00,6436.58,43.19,TRADE
NSW1,2020/02/19 05:00:00,6635.88,43.21,TRADE
NSW1,2020/02/19 05:30:00,7103.21,47.69,TRADE
NSW1,2020/02/19 06:00:00,7527.42,52.71,TRADE
NSW1,2020/02/19 06:30:00,7838.25,69.23,TRADE
NSW1,2020/02/19 07:00:00,7993.46,68.97,TRADE
NSW1,2020/02/19 07:30:00,8023.3,49.15,TRADE
NSW1,2020/02/19 08:00:00,7969.41,42.25,TRADE
NSW1,2020/02/19 08:30:00,7990.97,41.09,TRADE
NSW1,2020/02/19 09:00:00,7881.7,38.93,TRADE
NSW1,2020/02/19 09:30:00,7791.45,40.79,TRADE
NSW1,2020/02/19 10:00:00,7798.07,39.16,TRADE
NSW1,2020/02/19 10:30:00,7687.7,36.70,TRADE
NSW1,2020/02/19 11:00:00,7719.73,38.41,TRADE
NSW1,2020/02/19 11:30:00,7731.02,39.75,TRADE
NSW1,2020/02/19 12:00:00,7729.53,34.99,TRADE
NSW1,2020/02/19 12:30:00,7850.62,38.99,TRADE
NSW1,2020/02/19 13:00:00,7896.45,40.38,TRADE
NSW1,2020/02/19 13:30:00,8022.14,37.53,TRADE
NSW1,2020/02/19 14:00:00,8093.64,38.40,TRADE
NSW1,2020/02/19 14:30:00,8237.02,44.62,TRADE
NSW1,2020/02/19 15:00:00,8405.03,44.86,TRADE
NSW1,2020/02/19 15:30:00,8598.91,47.53,TRADE
NSW1,2020/02/19 16:00:00,8783.6,53.68,TRADE
NSW1,2020/02/19 16:30:00,8918.77,51.37,TRADE
NSW1,2020/02/19 17:00:00,9079.39,61.50,TRADE
NSW1,2020/02/19 17:30:00,9088.44,71.59,TRADE
NSW1,2020/02/19 18:00:00,9104.13,77.81,TRADE
NSW1,2020/02/19 18:30:00,9025.16,76.78,TRADE
NSW1,2020/02/19 19:00:00,8824.34,96.32,TRADE
NSW1,2020/02/19 19:30:00,8799.69,153.41,TRADE
NSW1,2020/02/19 20:00:00,8737.99,108.65,TRADE
NSW1,2020/02/19 20:30:00,8520.8,87.75,TRADE
NSW1,2020/02/19 21:00:00,8245.55,72.77,TRADE
NSW1,2020/02/19 21:30:00,7991.39,67.22,TRADE
NSW1,2020/02/19 22:00:00,7861.89,76.45,TRADE
NSW1,2020/02/19 22:30:00,7751.04,84.11,TRADE
NSW1,2020/02/19 23:00:00,7548.59,73.48,TRADE
NSW1,2020/02/19 23:30:00,7149.63,75.70,TRADE
NSW1,2020/02/20 00:00:00,6896.45,75.49,TRADE
NSW1,2020/02/20 00:30:00,6743.92,82.82,TRADE
NSW1,2020/02/20 01:00:00,6845.94,86.92,TRADE
NSW1,2020/02/20 01:30:00,6582.76,71.85,TRADE
NSW1,2020/02/20 02:00:00,6384.01,65.05,TRADE
NSW1,2020/02/20 02:30:00,6319.14,62.10,TRADE
NSW1,2020/02/20 03:00:00,6273.06,59.46,TRADE
NSW1,2020/02/20 03:30:00,6266.61,57.76,TRADE
NSW1,2020/02/20 04:00:00,6324.58,57.42,TRADE
NSW1,2020/02/20 04:30:00,6465.82,60.07,TRADE
NSW1,2020/02/20 05:00:00,6758.64,73.76,TRADE
NSW1,2020/02/20 05:30:00,7165.76,66.64,TRADE
NSW1,2020/02/20 06:00:00,7548.53,71.87,TRADE
NSW1,2020/02/20 06:30:00,7834.42,69.65,TRADE
NSW1,2020/02/20 07:00:00,7923.32,68.79,TRADE
NSW1,2020/02/20 07:30:00,7897.61,50.29,TRADE
NSW1,2020/02/20 08:00:00,7842.16,49.95,TRADE
NSW1,2020/02/20 08:30:00,7770.04,52.72,TRADE
NSW1,2020/02/20 09:00:00,7744.88,60.48,TRADE
NSW1,2020/02/20 09:30:00,7708.78,57.38,TRADE
NSW1,2020/02/20 10:00:00,7677.96,53.76,TRADE
NSW1,2020/02/20 10:30:00,7584.1,55.08,TRADE
NSW1,2020/02/20 11:00:00,7628.21,58.49,TRADE
NSW1,2020/02/20 11:30:00,7633.51,54.54,TRADE
NSW1,2020/02/20 12:00:00,7571.48,50.25,TRADE
NSW1,2020/02/20 12:30:00,7545.34,51.30,TRADE
NSW1,2020/02/20 13:00:00,7548.08,50.94,TRADE
NSW1,2020/02/20 13:30:00,7533,50.22,TRADE
NSW1,2020/02/20 14:00:00,7577.36,59.05,TRADE
NSW1,2020/02/20 14:30:00,7552.41,61.82,TRADE
NSW1,2020/02/20 15:00:00,7781.84,60.84,TRADE
NSW1,2020/02/20 15:30:00,7954.17,65.27,TRADE
NSW1,2020/02/20 16:00:00,8183.82,84.56,TRADE
NSW1,2020/02/20 16:30:00,8371.44,105.55,TRADE
NSW1,2020/02/20 17:00:00,8550.12,75.11,TRADE
NSW1,2020/02/20 17:30:00,8695.36,87.15,TRADE
NSW1,2020/02/20 18:00:00,8722.59,94.77,TRADE
NSW1,2020/02/20 18:30:00,8591.27,93.49,TRADE
NSW1,2020/02/20 19:00:00,8540.9,211.63,TRADE
NSW1,2020/02/20 19:30:00,8548.05,98.63,TRADE
NSW1,2020/02/20 20:00:00,8384.7,63.55,TRADE
NSW1,2020/02/20 20:30:00,8181.71,54.46,TRADE
NSW1,2020/02/20 21:00:00,7900.19,58.68,TRADE
NSW1,2020/02/20 21:30:00,7780.95,55.35,TRADE
NSW1,2020/02/20 22:00:00,7677.2,51.21,TRADE
NSW1,2020/02/20 22:30:00,7594.59,50.54,TRADE
NSW1,2020/02/20 23:00:00,7467.27,46.51,TRADE
NSW1,2020/02/20 23:30:00,7348.3,47.77,TRADE
NSW1,2020/02/21 00:00:00,7194.73,44.34,TRADE
NSW1,2020/02/21 00:30:00,7010.3,46.83,TRADE
NSW1,2020/02/21 01:00:00,6822.68,43.05,TRADE
NSW1,2020/02/21 01:30:00,6568.72,38.43,TRADE
NSW1,2020/02/21 02:00:00,6412.59,41,TRADE
NSW1,2020/02/21 02:30:00,6277.23,38.84,TRADE
NSW1,2020/02/21 03:00:00,6259.04,38.43,TRADE
NSW1,2020/02/21 03:30:00,6272.86,38.43,TRADE
NSW1,2020/02/21 04:00:00,6329.55,38.43,TRADE
NSW1,2020/02/21 04:30:00,6565.84,44.31,TRADE
NSW1,2020/02/21 05:00:00,6758.54,46.85,TRADE
NSW1,2020/02/21 05:30:00,7251.51,56.97,TRADE
NSW1,2020/02/21 06:00:00,7580.61,55.72,TRADE
NSW1,2020/02/21 06:30:00,7889.04,70.22,TRADE
NSW1,2020/02/21 07:00:00,8126.01,79.57,TRADE
NSW1,2020/02/21 07:30:00,8156.79,58.67,TRADE
NSW1,2020/02/21 08:00:00,8120.23,51.51,TRADE
NSW1,2020/02/21 08:30:00,8127.05,49.57,TRADE
NSW1,2020/02/21 09:00:00,8102.03,49.88,TRADE
NSW1,2020/02/21 09:30:00,8067,49.11,TRADE
NSW1,2020/02/21 10:00:00,8019.79,54.78,TRADE
NSW1,2020/02/21 10:30:00,8014.64,55.45,TRADE
NSW1,2020/02/21 11:00:00,7989.43,50.49,TRADE
NSW1,2020/02/21 11:30:00,7953.65,50.04,TRADE
NSW1,2020/02/21 12:00:00,7955.9,49.71,TRADE
NSW1,2020/02/21 12:30:00,7838.8,48.29,TRADE
NSW1,2020/02/21 13:00:00,7897.62,49.71,TRADE
NSW1,2020/02/21 13:30:00,7900.65,47.77,TRADE
NSW1,2020/02/21 14:00:00,8004.35,46.57,TRADE
NSW1,2020/02/21 14:30:00,7931.27,47.15,TRADE
NSW1,2020/02/21 15:00:00,8120.73,50.30,TRADE
NSW1,2020/02/21 15:30:00,8248.97,64.64,TRADE
NSW1,2020/02/21 16:00:00,8397.16,69.92,TRADE
NSW1,2020/02/21 16:30:00,8413.87,48.48,TRADE
NSW1,2020/02/21 17:00:00,8375.57,52.74,TRADE
NSW1,2020/02/21 17:30:00,8329.29,50.75,TRADE
NSW1,2020/02/21 18:00:00,8325.28,55.72,TRADE
NSW1,2020/02/21 18:30:00,8212.12,57.95,TRADE
NSW1,2020/02/21 19:00:00,8194.8,68.32,TRADE
NSW1,2020/02/21 19:30:00,8193.9,70.42,TRADE
NSW1,2020/02/21 20:00:00,8030.13,55.50,TRADE
NSW1,2020/02/21 20:30:00,7922.66,55.85,TRADE
NSW1,2020/02/21 21:00:00,7690.45,49.97,TRADE
NSW1,2020/02/21 21:30:00,7679.85,49.63,TRADE
NSW1,2020/02/21 22:00:00,7558.34,47.46,TRADE
NSW1,2020/02/21 22:30:00,7508.15,58.47,TRADE
NSW1,2020/02/21 23:00:00,7461.97,52.13,TRADE
NSW1,2020/02/21 23:30:00,7233.52,50,TRADE
NSW1,2020/02/22 00:00:00,7109.41,50.73,TRADE
NSW1,2020/02/22 00:30:00,6929.02,49.13,TRADE
NSW1,2020/02/22 01:00:00,6717.95,44.11,TRADE
NSW1,2020/02/22 01:30:00,6438.84,42.37,TRADE
NSW1,2020/02/22 02:00:00,6223.98,42.42,TRADE
NSW1,2020/02/22 02:30:00,6094.1,38.43,TRADE
NSW1,2020/02/22 03:00:00,6052.79,38.42,TRADE
NSW1,2020/02/22 03:30:00,6042.5,42.55,TRADE
NSW1,2020/02/22 04:00:00,6081.76,44.81,TRADE
NSW1,2020/02/22 04:30:00,6142.96,49.60,TRADE
NSW1,2020/02/22 05:00:00,6257.22,47.55,TRADE
NSW1,2020/02/22 05:30:00,6454.72,49.47,TRADE
NSW1,2020/02/22 06:00:00,6645.35,50.66,TRADE
NSW1,2020/02/22 06:30:00,6805.08,56.11,TRADE
NSW1,2020/02/22 07:00:00,6977.53,53.59,TRADE
NSW1,2020/02/22 07:30:00,7151.88,47.24,TRADE
NSW1,2020/02/22 08:00:00,7249.38,41.50,TRADE
NSW1,2020/02/22 08:30:00,7351.86,39.68,TRADE
NSW1,2020/02/22 09:00:00,7401.4,39.92,TRADE
NSW1,2020/02/22 09:30:00,7459.01,42.90,TRADE
NSW1,2020/02/22 10:00:00,7311.31,41.37,TRADE
NSW1,2020/02/22 10:30:00,7282.09,38.52,TRADE
NSW1,2020/02/22 11:00:00,7278.88,37.83,TRADE
NSW1,2020/02/22 11:30:00,7205.62,38.48,TRADE
NSW1,2020/02/22 12:00:00,7142.73,38.91,TRADE
NSW1,2020/02/22 12:30:00,7066.34,39.26,TRADE
NSW1,2020/02/22 13:00:00,7060.06,40.18,TRADE
NSW1,2020/02/22 13:30:00,7072.52,42.61,TRADE
NSW1,2020/02/22 14:00:00,7059.44,43.78,TRADE
NSW1,2020/02/22 14:30:00,7095.87,42.13,TRADE
NSW1,2020/02/22 15:00:00,7238.28,38.74,TRADE
NSW1,2020/02/22 15:30:00,7385.62,38.87,TRADE
NSW1,2020/02/22 16:00:00,7484.98,40.43,TRADE
NSW1,2020/02/22 16:30:00,7552.17,43.78,TRADE
NSW1,2020/02/22 17:00:00,7726.57,46.61,TRADE
NSW1,2020/02/22 17:30:00,7792.7,45.22,TRADE
NSW1,2020/02/22 18:00:00,7781.59,48.38,TRADE
NSW1,2020/02/22 18:30:00,7780.31,50.54,TRADE
NSW1,2020/02/22 19:00:00,7801.96,57.59,TRADE
NSW1,2020/02/22 19:30:00,7777.38,58.02,TRADE
NSW1,2020/02/22 20:00:00,7701.53,52.69,TRADE
NSW1,2020/02/22 20:30:00,7566.87,47.25,TRADE
NSW1,2020/02/22 21:00:00,7418.95,44.18,TRADE
NSW1,2020/02/22 21:30:00,7389.98,44.27,TRADE
NSW1,2020/02/22 22:00:00,7352.62,43.38,TRADE
NSW1,2020/02/22 22:30:00,7276.23,48.69,TRADE
NSW1,2020/02/22 23:00:00,7138.49,48.81,TRADE
NSW1,2020/02/22 23:30:00,6976.16,51.02,TRADE
NSW1,2020/02/23 00:00:00,6908.12,50.84,TRADE
NSW1,2020/02/23 00:30:00,6730.12,49.31,TRADE
NSW1,2020/02/23 01:00:00,6533.83,48.69,TRADE
NSW1,2020/02/23 01:30:00,6301.01,47.55,TRADE
NSW1,2020/02/23 02:00:00,6162.12,43.89,TRADE
NSW1,2020/02/23 02:30:00,6103.18,46.48,TRADE
NSW1,2020/02/23 03:00:00,6018.86,41.53,TRADE
NSW1,2020/02/23 03:30:00,6028.97,45.06,TRADE
NSW1,2020/02/23 04:00:00,6031.23,40.86,TRADE
NSW1,2020/02/23 04:30:00,6083.56,42.86,TRADE
NSW1,2020/02/23 05:00:00,6125.12,45.08,TRADE
NSW1,2020/02/23 05:30:00,6277.42,46.16,TRADE
NSW1,2020/02/23 06:00:00,6378.36,42.34,TRADE
NSW1,2020/02/23 06:30:00,6496.73,47.24,TRADE
NSW1,2020/02/23 07:00:00,6713,47.99,TRADE
NSW1,2020/02/23 07:30:00,6825.45,40.36,TRADE
NSW1,2020/02/23 08:00:00,7017.02,38.53,TRADE
NSW1,2020/02/23 08:30:00,7120.47,40.89,TRADE
NSW1,2020/02/23 09:00:00,7193.47,39.53,TRADE
NSW1,2020/02/23 09:30:00,7203.37,46.08,TRADE
NSW1,2020/02/23 10:00:00,7131.59,43.78,TRADE
NSW1,2020/02/23 10:30:00,7152.41,48.18,TRADE
NSW1,2020/02/23 11:00:00,7167.94,47.89,TRADE
NSW1,2020/02/23 11:30:00,7168.33,47.17,TRADE
NSW1,2020/02/23 12:00:00,7230.13,48.52,TRADE
NSW1,2020/02/23 12:30:00,7170.48,47.33,TRADE
NSW1,2020/02/23 13:00:00,7167.55,47.45,TRADE
NSW1,2020/02/23 13:30:00,7168.6,48.85,TRADE
NSW1,2020/02/23 14:00:00,7167.28,51.62,TRADE
NSW1,2020/02/23 14:30:00,7248.94,54.67,TRADE
NSW1,2020/02/23 15:00:00,7379.42,54.09,TRADE
NSW1,2020/02/23 15:30:00,7418.9,55.57,TRADE
NSW1,2020/02/23 16:00:00,7558.85,66.98,TRADE
NSW1,2020/02/23 16:30:00,7701.05,64.67,TRADE
NSW1,2020/02/23 17:00:00,7865.32,57.41,TRADE
NSW1,2020/02/23 17:30:00,7999.14,61.92,TRADE
NSW1,2020/02/23 18:00:00,8112.03,67.08,TRADE
NSW1,2020/02/23 18:30:00,8107.12,70.47,TRADE
NSW1,2020/02/23 19:00:00,8109.64,71.85,TRADE
NSW1,2020/02/23 19:30:00,8139.82,70.32,TRADE
NSW1,2020/02/23 20:00:00,8018.54,52.48,TRADE
NSW1,2020/02/23 20:30:00,7840.92,50.06,TRADE
NSW1,2020/02/23 21:00:00,7665.53,43.78,TRADE
NSW1,2020/02/23 21:30:00,7516.7,43.34,TRADE
NSW1,2020/02/23 22:00:00,7352.14,39.48,TRADE
NSW1,2020/02/23 22:30:00,7371.73,44,TRADE
NSW1,2020/02/23 23:00:00,7126.22,40.41,TRADE
NSW1,2020/02/23 23:30:00,7015.01,39.02,TRADE
NSW1,2020/02/24 00:00:00,6886.61,38.95,TRADE
NSW1,2020/02/24 00:30:00,6703.44,38,TRADE
NSW1,2020/02/24 01:00:00,6588.53,37.33,TRADE
NSW1,2020/02/24 01:30:00,6380.59,38.17,TRADE
NSW1,2020/02/24 02:00:00,6266.41,40.75,TRADE
NSW1,2020/02/24 02:30:00,6118.88,37.89,TRADE
NSW1,2020/02/24 03:00:00,6131.72,36.97,TRADE
NSW1,2020/02/24 03:30:00,6168.87,40.59,TRADE
NSW1,2020/02/24 04:00:00,6239.81,44.68,TRADE
NSW1,2020/02/24 04:30:00,6427.41,42.99,TRADE
NSW1,2020/02/24 05:00:00,6704.61,47.63,TRADE
NSW1,2020/02/24 05:30:00,7201.36,50.35,TRADE
NSW1,2020/02/24 06:00:00,7646.93,56.48,TRADE
NSW1,2020/02/24 06:30:00,8039.38,65.10,TRADE
NSW1,2020/02/24 07:00:00,8219.67,68.11,TRADE
NSW1,2020/02/24 07:30:00,8263.59,49.58,TRADE
NSW1,2020/02/24 08:00:00,8263.65,49.17,TRADE
NSW1,2020/02/24 08:30:00,8379.59,51.87,TRADE
NSW1,2020/02/24 09:00:00,8299.89,49.72,TRADE
NSW1,2020/02/24 09:30:00,8265,49.80,TRADE
NSW1,2020/02/24 10:00:00,8290.13,53.06,TRADE
NSW1,2020/02/24 10:30:00,8182.79,58.17,TRADE
NSW1,2020/02/24 11:00:00,8138.52,61.48,TRADE
NSW1,2020/02/24 11:30:00,8167.97,50.09,TRADE
NSW1,2020/02/24 12:00:00,8369.4,55.19,TRADE
NSW1,2020/02/24 12:30:00,8434.03,56.22,TRADE
NSW1,2020/02/24 13:00:00,8460.63,56.45,TRADE
NSW1,2020/02/24 13:30:00,8494.87,56.16,TRADE
NSW1,2020/02/24 14:00:00,8553,52.03,TRADE
NSW1,2020/02/24 14:30:00,8619.71,50.26,TRADE
NSW1,2020/02/24 15:00:00,8857.75,56.05,TRADE
NSW1,2020/02/24 15:30:00,9087.41,53.44,TRADE
NSW1,2020/02/24 16:00:00,9296.87,61.94,TRADE
NSW1,2020/02/24 16:30:00,9335.84,62.81,TRADE
NSW1,2020/02/24 17:00:00,9418.22,64.24,TRADE
NSW1,2020/02/24 17:30:00,9376.07,65.80,TRADE
NSW1,2020/02/24 18:00:00,9373.12,67.75,TRADE
NSW1,2020/02/24 18:30:00,9192.04,68.62,TRADE
NSW1,2020/02/24 19:00:00,9083.53,69.72,TRADE
NSW1,2020/02/24 19:30:00,9015.11,69.35,TRADE
NSW1,2020/02/24 20:00:00,8831.32,65.18,TRADE
NSW1,2020/02/24 20:30:00,8596.54,55.67,TRADE
NSW1,2020/02/24 21:00:00,8338.89,49.68,TRADE
NSW1,2020/02/24 21:30:00,8222.03,49.17,TRADE
NSW1,2020/02/24 22:00:00,7969.8,47.90,TRADE
NSW1,2020/02/24 22:30:00,7963.12,53.36,TRADE
NSW1,2020/02/24 23:00:00,7795.89,49.86,TRADE
NSW1,2020/02/24 23:30:00,7625.44,50.27,TRADE
NSW1,2020/02/25 00:00:00,7453.15,50.67,TRADE
NSW1,2020/02/25 00:30:00,7252.45,49.53,TRADE
NSW1,2020/02/25 01:00:00,7097.87,44.69,TRADE
NSW1,2020/02/25 01:30:00,6785.96,39.98,TRADE
NSW1,2020/02/25 02:00:00,6569.45,39.49,TRADE
NSW1,2020/02/25 02:30:00,6470.58,40.20,TRADE
NSW1,2020/02/25 03:00:00,6416.05,40.35,TRADE
NSW1,2020/02/25 03:30:00,6376.74,40.31,TRADE
NSW1,2020/02/25 04:00:00,6517.3,47.01,TRADE
NSW1,2020/02/25 04:30:00,6716.06,47.13,TRADE
NSW1,2020/02/25 05:00:00,6922.54,47.60,TRADE
NSW1,2020/02/25 05:30:00,7471.15,57.75,TRADE
NSW1,2020/02/25 06:00:00,7801.37,53.17,TRADE
NSW1,2020/02/25 06:30:00,8205.09,71.19,TRADE
NSW1,2020/02/25 07:00:00,8337.97,70.25,TRADE
NSW1,2020/02/25 07:30:00,8406.79,55.23,TRADE
NSW1,2020/02/25 08:00:00,8349.55,52.97,TRADE
NSW1,2020/02/25 08:30:00,8357.44,54.81,TRADE
NSW1,2020/02/25 09:00:00,8354.97,52.41,TRADE
NSW1,2020/02/25 09:30:00,8348.67,56.66,TRADE
NSW1,2020/02/25 10:00:00,8300.21,54.91,TRADE
NSW1,2020/02/25 10:30:00,8336.2,54.70,TRADE
NSW1,2020/02/25 11:00:00,8401.3,67.82,TRADE
NSW1,2020/02/25 11:30:00,8511.34,67.58,TRADE
NSW1,2020/02/25 12:00:00,8575.2,72.06,TRADE
NSW1,2020/02/25 12:30:00,8665.51,81.10,TRADE
NSW1,2020/02/25 13:00:00,8798.99,75.87,TRADE
NSW1,2020/02/25 13:30:00,9009.69,77.40,TRADE
NSW1,2020/02/25 14:00:00,9161.7,77.91,TRADE
NSW1,2020/02/25 14:30:00,9361.93,78.82,TRADE
NSW1,2020/02/25 15:00:00,9668.22,76.61,TRADE
NSW1,2020/02/25 15:30:00,9888.42,76.64,TRADE
NSW1,2020/02/25 16:00:00,10028.6,78.48,TRADE
NSW1,2020/02/25 16:30:00,10155.93,81.79,TRADE
NSW1,2020/02/25 17:00:00,10252.21,87.21,TRADE
NSW1,2020/02/25 17:30:00,10138.86,81.68,TRADE
NSW1,2020/02/25 18:00:00,10065.13,83.81,TRADE
NSW1,2020/02/25 18:30:00,9849.92,74.78,TRADE
NSW1,2020/02/25 19:00:00,9730.69,77.28,TRADE
NSW1,2020/02/25 19:30:00,9656.32,68.04,TRADE
NSW1,2020/02/25 20:00:00,9421.38,61.43,TRADE
NSW1,2020/02/25 20:30:00,9141.46,53.17,TRADE
NSW1,2020/02/25 21:00:00,8908,51.93,TRADE
NSW1,2020/02/25 21:30:00,8636.07,49.24,TRADE
NSW1,2020/02/25 22:00:00,8367.33,48.85,TRADE
NSW1,2020/02/25 22:30:00,8218.42,49.60,TRADE
NSW1,2020/02/25 23:00:00,7935.2,48.46,TRADE
NSW1,2020/02/25 23:30:00,7699.6,48.53,TRADE
NSW1,2020/02/26 00:00:00,7522.51,48.06,TRADE
NSW1,2020/02/26 00:30:00,7301.78,45.07,TRADE
NSW1,2020/02/26 01:00:00,7118.53,42.85,TRADE
NSW1,2020/02/26 01:30:00,6791.64,39.49,TRADE
NSW1,2020/02/26 02:00:00,6568.22,40.10,TRADE
NSW1,2020/02/26 02:30:00,6437.02,30.94,TRADE
NSW1,2020/02/26 03:00:00,6359.99,38.40,TRADE
NSW1,2020/02/26 03:30:00,6404.93,38.55,TRADE
NSW1,2020/02/26 04:00:00,6456.71,38.81,TRADE
NSW1,2020/02/26 04:30:00,6616.96,42.81,TRADE
NSW1,2020/02/26 05:00:00,6836.25,40.44,TRADE
NSW1,2020/02/26 05:30:00,7374.3,39.60,TRADE
NSW1,2020/02/26 06:00:00,7767.01,43.69,TRADE
NSW1,2020/02/26 06:30:00,8196.74,49.77,TRADE
NSW1,2020/02/26 07:00:00,8416.2,50.70,TRADE
NSW1,2020/02/26 07:30:00,8502.52,48.76,TRADE
NSW1,2020/02/26 08:00:00,8554.87,45.10,TRADE
NSW1,2020/02/26 08:30:00,8695.77,41.71,TRADE
NSW1,2020/02/26 09:00:00,8764,38.42,TRADE
NSW1,2020/02/26 09:30:00,8729.15,41.19,TRADE
NSW1,2020/02/26 10:00:00,8793.76,41.75,TRADE
NSW1,2020/02/26 10:30:00,8917.42,41.19,TRADE
NSW1,2020/02/26 11:00:00,9045.03,43.29,TRADE
NSW1,2020/02/26 11:30:00,9243.94,45.70,TRADE
NSW1,2020/02/26 12:00:00,9456.92,40.65,TRADE
NSW1,2020/02/26 12:30:00,9468.05,45.11,TRADE
NSW1,2020/02/26 13:00:00,9321.98,46.42,TRADE
NSW1,2020/02/26 13:30:00,9329.38,48.04,TRADE
NSW1,2020/02/26 14:00:00,9230.38,48.87,TRADE
NSW1,2020/02/26 14:30:00,9377.2,48.87,TRADE
NSW1,2020/02/26 15:00:00,9604.44,48.78,TRADE
NSW1,2020/02/26 15:30:00,9939.64,48.87,TRADE
NSW1,2020/02/26 16:00:00,10141.24,52.97,TRADE
NSW1,2020/02/26 16:30:00,10098.06,58.59,TRADE
NSW1,2020/02/26 17:00:00,10196.1,56.38,TRADE
NSW1,2020/02/26 17:30:00,10066.81,56.47,TRADE
NSW1,2020/02/26 18:00:00,10016.41,76.64,TRADE
NSW1,2020/02/26 18:30:00,9844.53,74.78,TRADE
NSW1,2020/02/26 19:00:00,9583.87,76.04,TRADE
NSW1,2020/02/26 19:30:00,9386.34,71.86,TRADE
NSW1,2020/02/26 20:00:00,9024.54,59.11,TRADE
NSW1,2020/02/26 20:30:00,8657.72,54.65,TRADE
NSW1,2020/02/26 21:00:00,8286.97,50.08,TRADE
NSW1,2020/02/26 21:30:00,8079.18,46.90,TRADE
NSW1,2020/02/26 22:00:00,7886.58,42.96,TRADE
NSW1,2020/02/26 22:30:00,7813.51,48.71,TRADE
NSW1,2020/02/26 23:00:00,7657.49,48.39,TRADE
NSW1,2020/02/26 23:30:00,7426.65,47.41,TRADE
NSW1,2020/02/27 00:00:00,7360.15,49.13,TRADE
NSW1,2020/02/27 00:30:00,7147.5,45.05,TRADE
NSW1,2020/02/27 01:00:00,6964.16,43.15,TRADE
NSW1,2020/02/27 01:30:00,6647.16,39.52,TRADE
NSW1,2020/02/27 02:00:00,6466.63,40.91,TRADE
NSW1,2020/02/27 02:30:00,6362.13,39.08,TRADE
NSW1,2020/02/27 03:00:00,6312.65,38.06,TRADE
NSW1,2020/02/27 03:30:00,6318.93,38.40,TRADE
NSW1,2020/02/27 04:00:00,6414.39,40.77,TRADE
NSW1,2020/02/27 04:30:00,6657.96,46,TRADE
NSW1,2020/02/27 05:00:00,6863.36,49.48,TRADE
NSW1,2020/02/27 05:30:00,7325.02,59.24,TRADE
NSW1,2020/02/27 06:00:00,7791.32,65.47,TRADE
NSW1,2020/02/27 06:30:00,8049.68,60.88,TRADE
NSW1,2020/02/27 07:00:00,8268.47,68.06,TRADE
NSW1,2020/02/27 07:30:00,8296.81,51.53,TRADE
NSW1,2020/02/27 08:00:00,8190.29,48.53,TRADE
NSW1,2020/02/27 08:30:00,8226.3,49.10,TRADE
NSW1,2020/02/27 09:00:00,8119.33,47.84,TRADE
NSW1,2020/02/27 09:30:00,8022.76,48.70,TRADE
NSW1,2020/02/27 10:00:00,7977.27,49.05,TRADE
NSW1,2020/02/27 10:30:00,7983.11,49.14,TRADE
NSW1,2020/02/27 11:00:00,8009.62,48.53,TRADE
NSW1,2020/02/27 11:30:00,7817.86,40.31,TRADE
NSW1,2020/02/27 12:00:00,7809.75,44.75,TRADE
NSW1,2020/02/27 12:30:00,7830.9,45.53,TRADE
NSW1,2020/02/27 13:00:00,7791.42,42.29,TRADE
NSW1,2020/02/27 13:30:00,7796.02,44.41,TRADE
NSW1,2020/02/27 14:00:00,7841.9,43.38,TRADE
NSW1,2020/02/27 14:30:00,7847.06,44.22,TRADE
NSW1,2020/02/27 15:00:00,8042.48,40.61,TRADE
NSW1,2020/02/27 15:30:00,8190.89,44.23,TRADE
NSW1,2020/02/27 16:00:00,8464.91,47.42,TRADE
NSW1,2020/02/27 16:30:00,8673.78,48.48,TRADE
NSW1,2020/02/27 17:00:00,8883.24,49.67,TRADE
NSW1,2020/02/27 17:30:00,8978.32,49.49,TRADE
NSW1,2020/02/27 18:00:00,9024.06,53.36,TRADE
NSW1,2020/02/27 18:30:00,8885.88,63.15,TRADE
NSW1,2020/02/27 19:00:00,8867.67,77.24,TRADE
NSW1,2020/02/27 19:30:00,8900.3,65.94,TRADE
NSW1,2020/02/27 20:00:00,8749.42,56.84,TRADE
NSW1,2020/02/27 20:30:00,8487.09,48.52,TRADE
NSW1,2020/02/27 21:00:00,8201.71,46.72,TRADE
NSW1,2020/02/27 21:30:00,8044.59,45.84,TRADE
NSW1,2020/02/27 22:00:00,7899.8,42.08,TRADE
NSW1,2020/02/27 22:30:00,7773.59,48.62,TRADE
NSW1,2020/02/27 23:00:00,7663.61,48.16,TRADE
NSW1,2020/02/27 23:30:00,7479.42,48.64,TRADE
NSW1,2020/02/28 00:00:00,7345.48,46.52,TRADE
NSW1,2020/02/28 00:30:00,7168.64,43.43,TRADE
NSW1,2020/02/28 01:00:00,6852.46,42.68,TRADE
NSW1,2020/02/28 01:30:00,6625.99,38.67,TRADE
NSW1,2020/02/28 02:00:00,6346.37,27.23,TRADE
NSW1,2020/02/28 02:30:00,6259.35,27.44,TRADE
NSW1,2020/02/28 03:00:00,6253.22,39.15,TRADE
NSW1,2020/02/28 03:30:00,6236.62,40.23,TRADE
NSW1,2020/02/28 04:00:00,6345.67,42.40,TRADE
NSW1,2020/02/28 04:30:00,6580.75,45.08,TRADE
NSW1,2020/02/28 05:00:00,6749.43,45.28,TRADE
NSW1,2020/02/28 05:30:00,7223.69,49.52,TRADE
NSW1,2020/02/28 06:00:00,7588.88,50.85,TRADE
NSW1,2020/02/28 06:30:00,7908.51,51.06,TRADE
NSW1,2020/02/28 07:00:00,8030.79,49.84,TRADE
NSW1,2020/02/28 07:30:00,7958.67,45.51,TRADE
NSW1,2020/02/28 08:00:00,7859.03,43.38,TRADE
NSW1,2020/02/28 08:30:00,7789.99,42.87,TRADE
NSW1,2020/02/28 09:00:00,7734.74,44.17,TRADE
NSW1,2020/02/28 09:30:00,7636.1,42.21,TRADE
NSW1,2020/02/28 10:00:00,7594.86,42.45,TRADE
NSW1,2020/02/28 10:30:00,7480.55,43.62,TRADE
NSW1,2020/02/28 11:00:00,7429.98,43.36,TRADE
NSW1,2020/02/28 11:30:00,7439.13,43.36,TRADE
NSW1,2020/02/28 12:00:00,7450.63,43.45,TRADE
NSW1,2020/02/28 12:30:00,7464.57,42.82,TRADE
NSW1,2020/02/28 13:00:00,7508.56,43.51,TRADE
NSW1,2020/02/28 13:30:00,7597.39,45.36,TRADE
NSW1,2020/02/28 14:00:00,7629.27,48.44,TRADE
NSW1,2020/02/28 14:30:00,7753.89,46.02,TRADE
NSW1,2020/02/28 15:00:00,7891.03,49.35,TRADE
NSW1,2020/02/28 15:30:00,8134.36,49.32,TRADE
NSW1,2020/02/28 16:00:00,8382.18,50.45,TRADE
NSW1,2020/02/28 16:30:00,8455.21,50.23,TRADE
NSW1,2020/02/28 17:00:00,8559.55,58.21,TRADE
NSW1,2020/02/28 17:30:00,8454.61,50.48,TRADE
NSW1,2020/02/28 18:00:00,8436.08,55.17,TRADE
NSW1,2020/02/28 18:30:00,8289.2,59.67,TRADE
NSW1,2020/02/28 19:00:00,8316.08,68.28,TRADE
NSW1,2020/02/28 19:30:00,8280.93,63.34,TRADE
NSW1,2020/02/28 20:00:00,8167.03,58.73,TRADE
NSW1,2020/02/28 20:30:00,7969.7,51.26,TRADE
NSW1,2020/02/28 21:00:00,7749.05,47.54,TRADE
NSW1,2020/02/28 21:30:00,7728.93,48.51,TRADE
NSW1,2020/02/28 22:00:00,7548.97,43.96,TRADE
NSW1,2020/02/28 22:30:00,7596.26,48.71,TRADE
NSW1,2020/02/28 23:00:00,7437.15,46.75,TRADE
NSW1,2020/02/28 23:30:00,7320.94,48.49,TRADE
NSW1,2020/02/29 00:00:00,7146.84,46.84,TRADE
NSW1,2020/02/29 00:30:00,6991.19,45.38,TRADE
NSW1,2020/02/29 01:00:00,6783.37,44.61,TRADE
NSW1,2020/02/29 01:30:00,6503.91,40.96,TRADE
NSW1,2020/02/29 02:00:00,6347.4,37.47,TRADE
NSW1,2020/02/29 02:30:00,6140.66,35.50,TRADE
NSW1,2020/02/29 03:00:00,6181.97,38.41,TRADE
NSW1,2020/02/29 03:30:00,6122.03,38.03,TRADE
NSW1,2020/02/29 04:00:00,6162.84,37.99,TRADE
NSW1,2020/02/29 04:30:00,6218.91,38.47,TRADE
NSW1,2020/02/29 05:00:00,6276.28,38.79,TRADE
NSW1,2020/02/29 05:30:00,6511.69,43.55,TRADE
NSW1,2020/02/29 06:00:00,6660.32,40.02,TRADE
NSW1,2020/02/29 06:30:00,6829.1,38.49,TRADE
NSW1,2020/02/29 07:00:00,6992.06,38.47,TRADE
NSW1,2020/02/29 07:30:00,7133.23,38.47,TRADE
NSW1,2020/02/29 08:00:00,7161.26,38.85,TRADE
NSW1,2020/02/29 08:30:00,7253.97,42.64,TRADE
NSW1,2020/02/29 09:00:00,7176.52,38.66,TRADE
NSW1,2020/02/29 09:30:00,7156.99,41.48,TRADE
NSW1,2020/02/29 10:00:00,7057.53,38.58,TRADE
NSW1,2020/02/29 10:30:00,7118.71,39.21,TRADE
NSW1,2020/02/29 11:00:00,7122.86,38.81,TRADE
NSW1,2020/02/29 11:30:00,7035.6,38.51,TRADE
NSW1,2020/02/29 12:00:00,7015.26,38.49,TRADE
NSW1,2020/02/29 12:30:00,7015.97,39.48,TRADE
NSW1,2020/02/29 13:00:00,6961.19,38.45,TRADE
NSW1,2020/02/29 13:30:00,6981.89,40.18,TRADE
NSW1,2020/02/29 14:00:00,7095.06,36.48,TRADE
NSW1,2020/02/29 14:30:00,7194.22,38.64,TRADE
NSW1,2020/02/29 15:00:00,7456.1,39.49,TRADE
NSW1,2020/02/29 15:30:00,7624.41,42.60,TRADE
NSW1,2020/02/29 16:00:00,7911.16,53.98,TRADE
NSW1,2020/02/29 16:30:00,7945.23,50.24,TRADE
NSW1,2020/02/29 17:00:00,8158.76,52.83,TRADE
NSW1,2020/02/29 17:30:00,8262.56,63.18,TRADE
NSW1,2020/02/29 18:00:00,8326.43,71.05,TRADE
NSW1,2020/02/29 18:30:00,8329.8,78.81,TRADE
NSW1,2020/02/29 19:00:00,8291.93,76.07,TRADE
NSW1,2020/02/29 19:30:00,8268.09,75.93,TRADE
NSW1,2020/02/29 20:00:00,8123.89,63.33,TRADE
NSW1,2020/02/29 20:30:00,7892.06,57.28,TRADE
NSW1,2020/02/29 21:00:00,7792.38,51.48,TRADE
NSW1,2020/02/29 21:30:00,7659.09,47.90,TRADE
NSW1,2020/02/29 22:00:00,7574.97,45.70,TRADE
NSW1,2020/02/29 22:30:00,7507.48,46.08,TRADE
NSW1,2020/02/29 23:00:00,7331.76,43.46,TRADE
NSW1,2020/02/29 23:30:00,7146.12,41.15,TRADE
NSW1,2020/03/01 00:00:00,7019.06,41.40,TRADE
